InvoiceNo,CustomerID,AddCode,Additional,Add_Qty,InvoiceDate,Add_fee,Country
536370,12583,POST,POSTAGE,3,2010-12-01 08:45:00 UTC,18,France
536403,12791,POST,POSTAGE,1,2010-12-01 11:27:00 UTC,15,Netherlands
536527,12662,POST,POSTAGE,1,2010-12-01 13:04:00 UTC,18,Germany
536540,14911,C2,CARRIAGE,1,2010-12-01 14:05:00 UTC,50,EIRE
536569,16274,M,Manual,1,2010-12-01 15:35:00 UTC,1.25,United Kingdom
536569,16274,M,Manual,1,2010-12-01 15:35:00 UTC,18.95,United Kingdom
536779,15823,BANK CHARGES,Bank Charges,1,2010-12-02 15:08:00 UTC,15,United Kingdom
536840,12738,POST,POSTAGE,1,2010-12-02 18:27:00 UTC,18,Germany
536852,12686,POST,POSTAGE,1,2010-12-03 09:51:00 UTC,18,France
536858,13520,POST,POSTAGE,2,2010-12-03 10:36:00 UTC,40,Switzerland
536861,12427,POST,POSTAGE,3,2010-12-03 10:44:00 UTC,18,Germany
536967,12600,POST,POSTAGE,1,2010-12-03 12:57:00 UTC,18,Germany
536974,12682,POST,POSTAGE,2,2010-12-03 13:59:00 UTC,18,France
536981,14723,M,Manual,2,2010-12-03 14:26:00 UTC,0.85,United Kingdom
536983,12712,POST,POSTAGE,1,2010-12-03 14:30:00 UTC,18,Germany
536990,12793,POST,POSTAGE,1,2010-12-03 15:14:00 UTC,28,Portugal
537022,12725,POST,POSTAGE,2,2010-12-03 15:45:00 UTC,28,Italy
537026,12395,POST,POSTAGE,2,2010-12-03 16:35:00 UTC,18,Belgium
537065,12567,POST,POSTAGE,9,2010-12-05 11:57:00 UTC,18,France
537077,17062,M,Manual,12,2010-12-05 11:59:00 UTC,0.42,United Kingdom
537137,16327,M,Manual,36,2010-12-05 12:43:00 UTC,0.85,United Kingdom
537140,12748,M,Manual,1,2010-12-05 12:53:00 UTC,0.42,United Kingdom
537140,12748,M,Manual,1,2010-12-05 12:53:00 UTC,0.85,United Kingdom
537197,12647,POST,POSTAGE,3,2010-12-05 14:02:00 UTC,18,Germany
537198,12647,POST,POSTAGE,1,2010-12-05 14:03:00 UTC,18,Germany
537199,15894,M,Manual,1,2010-12-05 14:06:00 UTC,0.65,United Kingdom
537201,12472,POST,POSTAGE,6,2010-12-05 14:19:00 UTC,18,Germany
537208,15889,M,Manual,4,2010-12-05 15:12:00 UTC,0.85,United Kingdom
537212,12720,POST,POSTAGE,4,2010-12-05 15:21:00 UTC,18,Germany
537225,12748,M,Manual,1,2010-12-05 16:41:00 UTC,1,United Kingdom
537246,12808,POST,POSTAGE,1,2010-12-06 10:27:00 UTC,28,Portugal
537250,12708,POST,POSTAGE,1,2010-12-06 10:43:00 UTC,18,Germany
537368,14911,C2,CARRIAGE,1,2010-12-06 12:40:00 UTC,50,EIRE
537377,15882,M,Manual,12,2010-12-06 13:01:00 UTC,0.19,United Kingdom
537378,14911,C2,CARRIAGE,1,2010-12-06 13:06:00 UTC,50,EIRE
537392,17068,M,Manual,5,2010-12-06 13:58:00 UTC,1.25,United Kingdom
537396,17223,M,Manual,1,2010-12-06 14:08:00 UTC,35,United Kingdom
537435,17920,M,Manual,2,2010-12-06 16:58:00 UTC,5.95,United Kingdom
537463,12681,POST,POSTAGE,4,2010-12-07 10:08:00 UTC,18,France
537468,12567,POST,POSTAGE,3,2010-12-07 10:36:00 UTC,18,France
537594,12647,POST,POSTAGE,5,2010-12-07 12:28:00 UTC,18,Germany
537673,12709,POST,POSTAGE,7,2010-12-08 09:49:00 UTC,18,Germany
537693,12441,POST,POSTAGE,1,2010-12-08 10:45:00 UTC,18,France
537800,12748,M,Manual,12,2010-12-08 13:08:00 UTC,0.19,United Kingdom
537804,12748,M,Manual,12,2010-12-08 13:17:00 UTC,2.95,United Kingdom
537804,12748,M,Manual,12,2010-12-08 13:17:00 UTC,0.19,United Kingdom
537818,12766,POST,POSTAGE,6,2010-12-08 13:53:00 UTC,28,Portugal
537892,12481,POST,POSTAGE,1,2010-12-09 10:13:00 UTC,18,Germany
537894,12621,POST,POSTAGE,2,2010-12-09 10:16:00 UTC,18,Germany
537897,12683,POST,POSTAGE,1,2010-12-09 10:37:00 UTC,18,France
537915,12797,POST,POSTAGE,1,2010-12-09 10:55:00 UTC,28,Portugal
537963,13369,C2,CARRIAGE,1,2010-12-09 11:30:00 UTC,50,United Kingdom
537967,12494,POST,POSTAGE,1,2010-12-09 11:31:00 UTC,18,France
537995,12712,POST,POSTAGE,2,2010-12-09 11:39:00 UTC,18,Germany
538002,14932,C2,CARRIAGE,1,2010-12-09 11:48:00 UTC,50,Channel Islands
538003,12429,POST,POSTAGE,8,2010-12-09 12:05:00 UTC,18,Denmark
538008,12683,POST,POSTAGE,5,2010-12-09 12:17:00 UTC,18,France
538093,12682,POST,POSTAGE,5,2010-12-09 14:49:00 UTC,18,France
538147,13090,M,Manual,1,2010-12-09 16:11:00 UTC,15,United Kingdom
538175,12471,POST,POSTAGE,21,2010-12-10 09:48:00 UTC,18,Germany
538196,12731,POST,POSTAGE,8,2010-12-10 10:56:00 UTC,18,France
538311,12785,POST,POSTAGE,2,2010-12-10 13:48:00 UTC,28,Portugal
538525,12540,POST,POSTAGE,5,2010-12-13 09:39:00 UTC,28,Spain
538597,15555,M,Manual,1,2010-12-13 12:26:00 UTC,1.25,United Kingdom
538685,15694,POST,POSTAGE,1,2010-12-14 09:39:00 UTC,15,United Kingdom
538707,17894,M,Manual,2,2010-12-14 10:38:00 UTC,0.21,United Kingdom
538807,17194,M,Manual,4,2010-12-14 12:06:00 UTC,0.21,United Kingdom
538807,17194,M,Manual,1,2010-12-14 12:06:00 UTC,20,United Kingdom
538807,17194,M,Manual,1,2010-12-14 12:06:00 UTC,5,United Kingdom
539014,17692,M,Manual,48,2010-12-15 13:37:00 UTC,0.32,United Kingdom
539056,16725,M,Manual,1,2010-12-15 16:38:00 UTC,1.45,United Kingdom
539317,17392,M,Manual,2,2010-12-16 19:04:00 UTC,3,United Kingdom
539318,12348,POST,POSTAGE,6,2010-12-16 19:09:00 UTC,40,Finland
539327,12600,POST,POSTAGE,1,2010-12-17 09:24:00 UTC,18,Germany
539330,12370,POST,POSTAGE,3,2010-12-17 09:38:00 UTC,40,Austria
539353,12782,POST,POSTAGE,3,2010-12-17 11:30:00 UTC,28,Portugal
539391,12417,POST,POSTAGE,2,2010-12-17 11:51:00 UTC,15,Belgium
539395,12471,POST,POSTAGE,11,2010-12-17 11:52:00 UTC,18,Germany
539403,12647,POST,POSTAGE,2,2010-12-17 12:21:00 UTC,18,Germany
539405,12621,POST,POSTAGE,6,2010-12-17 12:38:00 UTC,18,Germany
539407,12726,POST,POSTAGE,1,2010-12-17 12:56:00 UTC,18,France
539408,12720,POST,POSTAGE,3,2010-12-17 12:56:00 UTC,18,Germany
539421,14016,C2,CARRIAGE,1,2010-12-17 14:21:00 UTC,50,EIRE
539435,12691,POST,POSTAGE,1,2010-12-17 14:46:00 UTC,18,France
539446,12705,POST,POSTAGE,9,2010-12-17 15:58:00 UTC,18,Germany
539447,12395,POST,POSTAGE,3,2010-12-17 16:00:00 UTC,18,Belgium
539466,12668,POST,POSTAGE,4,2010-12-19 12:46:00 UTC,18,Germany
539473,14911,C2,CARRIAGE,1,2010-12-19 14:24:00 UTC,50,EIRE
539491,14646,POST,POSTAGE,1,2010-12-20 10:09:00 UTC,15,Netherlands
539551,12721,POST,POSTAGE,1,2010-12-20 11:38:00 UTC,18,France
539607,12681,POST,POSTAGE,5,2010-12-20 14:10:00 UTC,18,France
539636,12481,POST,POSTAGE,6,2010-12-20 15:15:00 UTC,18,Germany
539676,12423,POST,POSTAGE,3,2010-12-21 10:54:00 UTC,15,Belgium
539688,12678,C2,CARRIAGE,1,2010-12-21 11:00:00 UTC,150,France
539727,12678,POST,POSTAGE,1,2010-12-21 14:26:00 UTC,18,France
539752,12515,POST,POSTAGE,3,2010-12-21 15:43:00 UTC,35,Italy
539840,12383,POST,POSTAGE,3,2010-12-22 14:28:00 UTC,15,Belgium
539946,13817,POST,POSTAGE,1,2010-12-23 11:46:00 UTC,18,Germany
539957,12585,POST,POSTAGE,6,2010-12-23 12:58:00 UTC,18,Germany
539984,14911,C2,CARRIAGE,1,2010-12-23 14:58:00 UTC,50,EIRE
539988,18116,M,Manual,18,2010-12-23 16:06:00 UTC,0.2,United Kingdom
540021,17841,M,Manual,1,2011-01-04 12:51:00 UTC,1.25,United Kingdom
540040,12483,POST,POSTAGE,5,2011-01-04 14:20:00 UTC,40,Sweden
540073,16814,M,Manual,6,2011-01-04 14:47:00 UTC,1.65,United Kingdom
540178,12681,POST,POSTAGE,3,2011-01-05 12:42:00 UTC,18,France
540239,12682,POST,POSTAGE,4,2011-01-05 14:48:00 UTC,18,France
540242,15046,M,Manual,1,2011-01-05 15:30:00 UTC,18.95,United Kingdom
540278,15719,M,Manual,1,2011-01-06 12:31:00 UTC,1.65,United Kingdom
540351,12735,POST,POSTAGE,2,2011-01-06 14:26:00 UTC,18,France
540365,12413,POST,POSTAGE,3,2011-01-06 16:12:00 UTC,18,France
540410,12530,POST,POSTAGE,3,2011-01-07 10:04:00 UTC,18,Germany
540414,12481,POST,POSTAGE,3,2011-01-07 10:32:00 UTC,18,Germany
540455,12583,POST,POSTAGE,3,2011-01-07 12:07:00 UTC,18,France
540458,12501,POST,POSTAGE,8,2011-01-07 12:28:00 UTC,18,Germany
540463,12489,POST,POSTAGE,2,2011-01-07 13:13:00 UTC,18,France
540469,12484,POST,POSTAGE,4,2011-01-07 14:04:00 UTC,28,Spain
540480,12480,POST,POSTAGE,4,2011-01-07 15:27:00 UTC,18,Germany
540519,12793,POST,POSTAGE,2,2011-01-09 12:12:00 UTC,28,Portugal
540546,12766,POST,POSTAGE,3,2011-01-09 15:56:00 UTC,28,Portugal
540547,14911,C2,CARRIAGE,1,2011-01-09 16:07:00 UTC,50,EIRE
540553,12500,POST,POSTAGE,1,2011-01-10 09:48:00 UTC,18,Germany
540562,12524,POST,POSTAGE,3,2011-01-10 10:35:00 UTC,18,Germany
540566,17811,M,Manual,1,2011-01-10 10:58:00 UTC,6.7,United Kingdom
540642,12681,POST,POSTAGE,7,2011-01-10 13:22:00 UTC,18,France
540688,12736,POST,POSTAGE,5,2011-01-11 07:57:00 UTC,18,France
540769,12601,POST,POSTAGE,1,2011-01-11 10:38:00 UTC,18,Germany
540789,12643,POST,POSTAGE,2,2011-01-11 11:48:00 UTC,18,France
540801,12540,POST,POSTAGE,6,2011-01-11 12:25:00 UTC,28,Spain
540824,12728,POST,POSTAGE,2,2011-01-11 13:31:00 UTC,18,France
540835,12724,POST,POSTAGE,1,2011-01-11 15:00:00 UTC,18,France
540839,16791,M,Manual,1,2011-01-11 15:42:00 UTC,12.75,United Kingdom
540900,12712,POST,POSTAGE,2,2011-01-12 11:46:00 UTC,18,Germany
540971,12383,POST,POSTAGE,4,2011-01-12 14:10:00 UTC,15,Belgium
540972,12437,POST,POSTAGE,3,2011-01-12 14:13:00 UTC,18,France
540976,12652,POST,POSTAGE,7,2011-01-12 15:00:00 UTC,18,France
541093,12471,POST,POSTAGE,5,2011-01-13 13:21:00 UTC,18,Germany
541115,12578,POST,POSTAGE,7,2011-01-13 15:34:00 UTC,28,Italy
541120,12490,POST,POSTAGE,5,2011-01-14 09:13:00 UTC,18,France
541122,12708,POST,POSTAGE,2,2011-01-14 09:23:00 UTC,18,Germany
541125,12474,POST,POSTAGE,1,2011-01-14 10:06:00 UTC,18,Germany
541138,12553,POST,POSTAGE,6,2011-01-14 10:42:00 UTC,18,France
541224,12474,POST,POSTAGE,1,2011-01-14 14:45:00 UTC,18,Germany
541265,17609,M,Manual,2,2011-01-16 16:23:00 UTC,1.25,United Kingdom
541269,12626,POST,POSTAGE,8,2011-01-17 11:01:00 UTC,18,Germany
541405,12683,POST,POSTAGE,5,2011-01-17 15:17:00 UTC,18,France
541430,12356,POST,POSTAGE,18,2011-01-18 09:50:00 UTC,18,Portugal
541434,14911,C2,CARRIAGE,1,2011-01-18 10:22:00 UTC,50,EIRE
541480,12527,POST,POSTAGE,1,2011-01-18 12:05:00 UTC,18,Germany
541485,18118,M,Manual,12,2011-01-18 13:05:00 UTC,0.2,United Kingdom
541491,12510,POST,POSTAGE,3,2011-01-18 14:04:00 UTC,28,Spain
541505,15939,BANK CHARGES,Bank Charges,1,2011-01-18 15:58:00 UTC,15,United Kingdom
541517,12665,POST,POSTAGE,1,2011-01-19 08:34:00 UTC,18,Germany
541564,16904,M,Manual,10,2011-01-19 11:38:00 UTC,0.38,United Kingdom
541567,12681,POST,POSTAGE,3,2011-01-19 11:51:00 UTC,18,France
541569,13520,POST,POSTAGE,3,2011-01-19 12:14:00 UTC,40,Switzerland
541631,12637,POST,POSTAGE,6,2011-01-20 10:48:00 UTC,18,France
541658,15529,M,Manual,1,2011-01-20 12:16:00 UTC,2.55,United Kingdom
541675,12402,POST,POSTAGE,2,2011-01-20 13:49:00 UTC,15,Belgium
541703,12594,POST,POSTAGE,2,2011-01-21 09:52:00 UTC,28,Italy
541756,12664,POST,POSTAGE,2,2011-01-21 11:42:00 UTC,40,Finland
541808,16210,M,Manual,1,2011-01-21 14:51:00 UTC,10,United Kingdom
541857,12727,POST,POSTAGE,6,2011-01-23 15:17:00 UTC,18,France
541877,12559,POST,POSTAGE,2,2011-01-24 10:12:00 UTC,18,Germany
541962,12693,POST,POSTAGE,2,2011-01-24 12:58:00 UTC,18,Germany
541965,12625,POST,POSTAGE,7,2011-01-24 13:27:00 UTC,18,Germany
541979,14911,C2,CARRIAGE,1,2011-01-24 14:54:00 UTC,50,EIRE
541980,12421,POST,POSTAGE,1,2011-01-24 15:09:00 UTC,28,Spain
541983,15797,M,Manual,1,2011-01-24 15:47:00 UTC,15,United Kingdom
541991,12417,POST,POSTAGE,2,2011-01-25 09:11:00 UTC,15,Belgium
541998,12348,POST,POSTAGE,1,2011-01-25 10:42:00 UTC,40,Finland
542080,13815,POST,POSTAGE,5,2011-01-25 12:16:00 UTC,18,Germany
542128,12609,POST,POSTAGE,2,2011-01-25 15:13:00 UTC,18,Germany
542132,12691,POST,POSTAGE,2,2011-01-25 15:59:00 UTC,18,France
542147,12782,POST,POSTAGE,4,2011-01-26 10:02:00 UTC,28,Portugal
542215,12472,POST,POSTAGE,3,2011-01-26 12:27:00 UTC,18,Germany
542229,12474,POST,POSTAGE,1,2011-01-26 13:38:00 UTC,18,Germany
542238,12591,POST,POSTAGE,3,2011-01-26 14:35:00 UTC,28,Italy
542278,14911,C2,CARRIAGE,1,2011-01-27 10:43:00 UTC,50,EIRE
542369,12645,POST,POSTAGE,1,2011-01-27 13:08:00 UTC,18,Germany
542371,12468,POST,POSTAGE,2,2011-01-27 13:29:00 UTC,18,Germany
542375,12626,POST,POSTAGE,2,2011-01-27 13:42:00 UTC,18,Germany
542398,13174,M,Manual,1,2011-01-27 15:36:00 UTC,4,United Kingdom
542425,12574,POST,POSTAGE,2,2011-01-28 09:20:00 UTC,18,France
542433,12726,POST,POSTAGE,2,2011-01-28 10:45:00 UTC,18,France
542535,12735,POST,POSTAGE,3,2011-01-28 13:37:00 UTC,18,France
542586,12377,POST,POSTAGE,2,2011-01-28 15:45:00 UTC,40,Switzerland
542621,12528,POST,POSTAGE,3,2011-01-31 09:05:00 UTC,18,Germany
542626,12720,POST,POSTAGE,2,2011-01-31 09:51:00 UTC,18,Germany
542648,12476,POST,POSTAGE,5,2011-01-31 11:46:00 UTC,18,Germany
542713,12668,POST,POSTAGE,7,2011-01-31 13:27:00 UTC,18,Germany
542717,17580,M,Manual,1,2011-01-31 14:07:00 UTC,2.95,United Kingdom
542720,12778,POST,POSTAGE,1,2011-01-31 14:35:00 UTC,15,Netherlands
542735,12681,POST,POSTAGE,3,2011-01-31 15:36:00 UTC,18,France
542782,12712,POST,POSTAGE,2,2011-02-01 10:00:00 UTC,18,Germany
542887,12373,POST,POSTAGE,1,2011-02-01 13:10:00 UTC,40,Austria
542894,12775,POST,POSTAGE,2,2011-02-01 13:45:00 UTC,15,Netherlands
542904,12682,POST,POSTAGE,3,2011-02-01 14:58:00 UTC,18,France
542905,12540,POST,POSTAGE,1,2011-02-01 15:11:00 UTC,28,Spain
542911,12676,POST,POSTAGE,1,2011-02-01 15:41:00 UTC,40,Sweden
542922,12682,POST,POSTAGE,2,2011-02-02 09:06:00 UTC,18,France
543017,13199,M,Manual,1,2011-02-02 14:17:00 UTC,15,United Kingdom
543027,12414,POST,POSTAGE,1,2011-02-02 14:51:00 UTC,40,Austria
543030,12437,POST,POSTAGE,1,2011-02-02 15:22:00 UTC,18,France
543037,12350,POST,POSTAGE,1,2011-02-02 16:01:00 UTC,40,Norway
543048,12600,POST,POSTAGE,3,2011-02-03 09:58:00 UTC,18,Germany
543055,12502,POST,POSTAGE,4,2011-02-03 10:41:00 UTC,28,Spain
543056,12471,POST,POSTAGE,6,2011-02-03 10:47:00 UTC,18,Germany
543117,12464,POST,POSTAGE,3,2011-02-03 13:30:00 UTC,15,Belgium
543121,12662,POST,POSTAGE,2,2011-02-03 13:58:00 UTC,18,Germany
543134,15885,M,Manual,1,2011-02-03 15:28:00 UTC,15,United Kingdom
543178,14911,C2,CARRIAGE,1,2011-02-04 10:31:00 UTC,50,EIRE
543180,12410,POST,POSTAGE,4,2011-02-04 10:38:00 UTC,40,Switzerland
543188,12567,POST,POSTAGE,6,2011-02-04 11:45:00 UTC,18,France
543387,14646,POST,POSTAGE,10,2011-02-08 09:41:00 UTC,15,Netherlands
543459,12599,POST,POSTAGE,2,2011-02-08 13:28:00 UTC,18,France
543484,12721,POST,POSTAGE,3,2011-02-09 10:11:00 UTC,18,France
543492,12720,POST,POSTAGE,1,2011-02-09 10:41:00 UTC,18,Germany
543537,12401,POST,POSTAGE,1,2011-02-09 13:50:00 UTC,15,Belgium
543541,12462,POST,POSTAGE,6,2011-02-09 14:44:00 UTC,28,Spain
543543,17843,M,Manual,1,2011-02-09 15:33:00 UTC,2.95,United Kingdom
543543,17843,M,Manual,24,2011-02-09 15:33:00 UTC,0.2,United Kingdom
543550,12601,POST,POSTAGE,1,2011-02-10 09:43:00 UTC,18,Germany
543625,12583,POST,POSTAGE,2,2011-02-10 15:38:00 UTC,18,France
543733,12395,POST,POSTAGE,1,2011-02-11 12:16:00 UTC,15,Belgium
543822,12507,POST,POSTAGE,3,2011-02-14 09:24:00 UTC,28,Spain
543833,12476,POST,POSTAGE,1,2011-02-14 10:24:00 UTC,18,Germany
543900,12621,POST,POSTAGE,3,2011-02-14 12:11:00 UTC,18,Germany
544069,12616,POST,POSTAGE,2,2011-02-15 14:17:00 UTC,18,France
544087,17530,M,Manual,1,2011-02-15 17:02:00 UTC,3.75,United Kingdom
544087,17530,M,Manual,2,2011-02-15 17:02:00 UTC,0.42,United Kingdom
544115,12727,POST,POSTAGE,5,2011-02-16 11:45:00 UTC,18,France
544157,12372,POST,POSTAGE,2,2011-02-16 12:46:00 UTC,18,Denmark
544193,12431,POST,POSTAGE,5,2011-02-17 08:23:00 UTC,15,Belgium
544200,12494,POST,POSTAGE,2,2011-02-17 10:08:00 UTC,18,France
544203,12362,POST,POSTAGE,3,2011-02-17 10:30:00 UTC,15,Belgium
544210,14911,C2,CARRIAGE,1,2011-02-17 11:01:00 UTC,50,EIRE
544281,12500,POST,POSTAGE,1,2011-02-17 12:23:00 UTC,18,Germany
544302,12654,POST,POSTAGE,1,2011-02-17 13:16:00 UTC,18,Germany
544331,12455,POST,POSTAGE,1,2011-02-17 17:05:00 UTC,15,Cyprus
544355,12714,POST,POSTAGE,5,2011-02-18 10:53:00 UTC,18,France
544390,14911,C2,CARRIAGE,1,2011-02-18 11:36:00 UTC,50,EIRE
544399,12594,POST,POSTAGE,1,2011-02-18 12:28:00 UTC,28,Italy
544407,14606,M,Manual,1,2011-02-18 13:26:00 UTC,15,United Kingdom
544464,17323,M,Manual,4,2011-02-20 14:38:00 UTC,0.85,United Kingdom
544474,12423,POST,POSTAGE,1,2011-02-21 09:52:00 UTC,15,Belgium
544483,12524,POST,POSTAGE,5,2011-02-21 10:53:00 UTC,18,Germany
544495,12766,POST,POSTAGE,6,2011-02-21 11:42:00 UTC,28,Portugal
544573,12621,POST,POSTAGE,5,2011-02-21 13:40:00 UTC,18,Germany
544578,12365,M,Manual,1,2011-02-21 14:04:00 UTC,320.69,Cyprus
544585,12523,POST,POSTAGE,1,2011-02-21 14:58:00 UTC,18,France
544673,13421,M,Manual,25,2011-02-22 15:46:00 UTC,0.42,United Kingdom
544811,12471,POST,POSTAGE,3,2011-02-23 15:53:00 UTC,18,Germany
544817,12437,POST,POSTAGE,2,2011-02-23 16:44:00 UTC,18,France
544819,12748,M,Manual,6,2011-02-23 17:15:00 UTC,5,United Kingdom
544886,12582,POST,POSTAGE,1,2011-02-24 11:42:00 UTC,40,Finland
544933,12633,POST,POSTAGE,6,2011-02-25 08:44:00 UTC,18,Germany
544934,13345,C2,CARRIAGE,1,2011-02-25 09:01:00 UTC,50,United Kingdom
544996,12474,POST,POSTAGE,2,2011-02-25 11:53:00 UTC,18,Germany
545017,12361,POST,POSTAGE,1,2011-02-25 13:51:00 UTC,15,Belgium
545034,13493,POST,POSTAGE,1,2011-02-25 16:42:00 UTC,40,Switzerland
545051,12599,POST,POSTAGE,1,2011-02-27 11:58:00 UTC,18,France
545084,12458,POST,POSTAGE,2,2011-02-28 10:55:00 UTC,40,Switzerland
545086,12678,POST,POSTAGE,1,2011-02-28 11:43:00 UTC,18,France
545105,12598,POST,POSTAGE,6,2011-02-28 11:58:00 UTC,18,France
545140,12464,POST,POSTAGE,2,2011-02-28 12:08:00 UTC,15,Belgium
545180,12728,POST,POSTAGE,1,2011-02-28 14:42:00 UTC,18,France
545181,12509,POST,POSTAGE,1,2011-02-28 14:45:00 UTC,18,France
545182,14046,M,Manual,17,2011-02-28 14:48:00 UTC,0.2,United Kingdom
545191,12811,POST,POSTAGE,1,2011-02-28 15:39:00 UTC,28,Portugal
545235,12683,POST,POSTAGE,2,2011-03-01 10:31:00 UTC,18,France
545301,12679,POST,POSTAGE,4,2011-03-01 12:26:00 UTC,18,France
545314,12866,POST,POSTAGE,4,2011-03-01 14:11:00 UTC,15,Belgium
545323,12352,POST,POSTAGE,1,2011-03-01 14:57:00 UTC,40,Norway
545332,12352,M,Manual,1,2011-03-01 15:52:00 UTC,376.5,Norway
545332,12352,M,Manual,1,2011-03-01 15:52:00 UTC,280.05,Norway
545332,12352,M,Manual,1,2011-03-01 15:52:00 UTC,183.75,Norway
545336,12428,M,Manual,2,2011-03-01 16:53:00 UTC,275.6,Finland
545515,12727,POST,POSTAGE,3,2011-03-03 12:06:00 UTC,18,France
545517,12727,POST,POSTAGE,1,2011-03-03 12:20:00 UTC,18,France
545533,12524,POST,POSTAGE,2,2011-03-03 14:04:00 UTC,18,Germany
545536,12417,POST,POSTAGE,3,2011-03-03 14:12:00 UTC,15,Belgium
545557,12500,POST,POSTAGE,1,2011-03-03 15:30:00 UTC,18,Germany
545570,12817,POST,POSTAGE,1,2011-03-03 16:28:00 UTC,40,Austria
545583,12553,POST,POSTAGE,2,2011-03-04 09:08:00 UTC,18,France
545585,12541,POST,POSTAGE,1,2011-03-04 09:32:00 UTC,28,Spain
545595,14570,M,Manual,1,2011-03-04 10:39:00 UTC,0.85,United Kingdom
545634,14911,C2,CARRIAGE,1,2011-03-04 12:12:00 UTC,50,EIRE
545647,12547,POST,POSTAGE,1,2011-03-04 12:46:00 UTC,28,Spain
545664,12584,POST,POSTAGE,3,2011-03-04 15:15:00 UTC,28,Italy
545706,12712,POST,POSTAGE,1,2011-03-07 09:10:00 UTC,18,Germany
545709,12708,POST,POSTAGE,1,2011-03-07 09:49:00 UTC,18,Germany
545854,14817,C2,CARRIAGE,1,2011-03-07 13:51:00 UTC,50,United Kingdom
545889,15291,M,Manual,1,2011-03-07 16:14:00 UTC,45,United Kingdom
545901,15834,M,Manual,2,2011-03-07 17:52:00 UTC,1.25,United Kingdom
545916,12528,POST,POSTAGE,2,2011-03-08 11:46:00 UTC,18,Germany
545933,13908,C2,CARRIAGE,1,2011-03-08 12:04:00 UTC,50,United Kingdom
545988,12662,POST,POSTAGE,1,2011-03-08 12:52:00 UTC,18,Germany
545994,12623,POST,POSTAGE,2,2011-03-08 13:50:00 UTC,18,Germany
545995,15023,M,Manual,6,2011-03-08 13:54:00 UTC,2.1,United Kingdom
546027,12759,POST,POSTAGE,2,2011-03-09 08:09:00 UTC,15,Netherlands
546035,12924,M,Manual,1,2011-03-09 09:50:00 UTC,7.95,United Kingdom
546117,16771,M,Manual,12,2011-03-09 13:56:00 UTC,1,United Kingdom
546134,13493,POST,POSTAGE,2,2011-03-09 15:35:00 UTC,40,Switzerland
546172,14156,C2,CARRIAGE,1,2011-03-10 10:32:00 UTC,50,EIRE
546328,14911,M,Manual,1,2011-03-11 10:19:00 UTC,1687.17,EIRE
546329,14911,M,Manual,1,2011-03-11 10:22:00 UTC,1687.17,EIRE
546365,12520,POST,POSTAGE,5,2011-03-11 11:35:00 UTC,18,Germany
546373,12583,POST,POSTAGE,2,2011-03-11 12:00:00 UTC,18,France
546374,17194,M,Manual,1,2011-03-11 12:05:00 UTC,10,United Kingdom
546418,17315,M,Manual,24,2011-03-13 10:57:00 UTC,0.42,United Kingdom
546426,13708,M,Manual,1,2011-03-13 13:46:00 UTC,2,United Kingdom
546428,12681,POST,POSTAGE,2,2011-03-13 14:55:00 UTC,18,France
546433,12778,POST,POSTAGE,1,2011-03-14 08:37:00 UTC,15,Netherlands
546434,12383,POST,POSTAGE,4,2011-03-14 08:41:00 UTC,18,Belgium
546479,12682,POST,POSTAGE,3,2011-03-14 11:38:00 UTC,18,France
546509,14911,C2,CARRIAGE,1,2011-03-14 12:15:00 UTC,50,EIRE
546541,14911,C2,CARRIAGE,1,2011-03-14 15:11:00 UTC,50,EIRE
546543,17841,M,Manual,1,2011-03-14 15:40:00 UTC,0.85,United Kingdom
546678,12681,POST,POSTAGE,3,2011-03-15 16:39:00 UTC,18,France
546737,13358,C2,CARRIAGE,1,2011-03-16 11:52:00 UTC,50,United Kingdom
546742,12849,M,Manual,12,2011-03-16 12:26:00 UTC,0.42,United Kingdom
546742,12849,M,Manual,6,2011-03-16 12:26:00 UTC,2.1,United Kingdom
546755,12502,POST,POSTAGE,5,2011-03-16 13:29:00 UTC,28,Spain
546759,12712,POST,POSTAGE,2,2011-03-16 13:58:00 UTC,18,Germany
546760,12597,POST,POSTAGE,3,2011-03-16 14:00:00 UTC,28,Spain
546765,12437,POST,POSTAGE,1,2011-03-16 14:37:00 UTC,18,France
546843,12472,POST,POSTAGE,2,2011-03-17 12:40:00 UTC,18,Germany
546851,12480,POST,POSTAGE,7,2011-03-17 13:23:00 UTC,18,Germany
546861,14911,C2,CARRIAGE,1,2011-03-17 15:03:00 UTC,50,EIRE
546866,14462,M,Manual,2,2011-03-17 15:47:00 UTC,2.5,United Kingdom
546919,12500,POST,POSTAGE,1,2011-03-18 09:55:00 UTC,18,Germany
546920,12471,POST,POSTAGE,8,2011-03-18 09:55:00 UTC,18,Germany
546925,12647,POST,POSTAGE,3,2011-03-18 10:09:00 UTC,18,Germany
546950,16511,M,Manual,4,2011-03-18 11:24:00 UTC,0.5,United Kingdom
547005,12474,POST,POSTAGE,4,2011-03-18 14:20:00 UTC,18,Germany
547048,14911,C2,CARRIAGE,1,2011-03-20 11:52:00 UTC,50,EIRE
547061,12407,POST,POSTAGE,1,2011-03-20 13:21:00 UTC,15,Belgium
547071,12693,POST,POSTAGE,2,2011-03-20 13:59:00 UTC,18,Germany
547085,12600,POST,POSTAGE,1,2011-03-20 15:41:00 UTC,18,Germany
547086,12428,POST,POSTAGE,3,2011-03-20 15:46:00 UTC,40,Finland
547087,12726,POST,POSTAGE,1,2011-03-20 15:58:00 UTC,18,France
547109,12423,POST,POSTAGE,2,2011-03-21 11:46:00 UTC,15,Belgium
547327,12681,POST,POSTAGE,3,2011-03-22 11:28:00 UTC,18,France
547365,12775,POST,POSTAGE,1,2011-03-22 12:36:00 UTC,15,Netherlands
547379,12720,POST,POSTAGE,6,2011-03-22 15:13:00 UTC,18,Germany
547383,12613,POST,POSTAGE,3,2011-03-22 15:42:00 UTC,18,Germany
547384,12613,POST,POSTAGE,1,2011-03-22 15:46:00 UTC,18,Germany
547390,12352,POST,POSTAGE,1,2011-03-22 16:08:00 UTC,40,Norway
547412,12399,POST,POSTAGE,1,2011-03-23 09:42:00 UTC,15,Belgium
547444,12811,POST,POSTAGE,1,2011-03-23 10:55:00 UTC,1,Portugal
547492,12604,POST,POSTAGE,1,2011-03-23 12:06:00 UTC,18,France
547493,12818,POST,POSTAGE,9,2011-03-23 12:06:00 UTC,40,Austria
547504,12683,POST,POSTAGE,8,2011-03-23 13:33:00 UTC,18,France
547517,12395,POST,POSTAGE,3,2011-03-23 14:33:00 UTC,15,Belgium
547520,12564,POST,POSTAGE,3,2011-03-23 14:55:00 UTC,18,France
547566,12811,POST,POSTAGE,1,2011-03-24 09:42:00 UTC,27,Portugal
547571,16265,C2,CARRIAGE,1,2011-03-24 09:52:00 UTC,50,United Kingdom
547645,12676,POST,POSTAGE,1,2011-03-24 11:40:00 UTC,40,Sweden
547684,12408,POST,POSTAGE,5,2011-03-24 14:46:00 UTC,15,Belgium
547702,14911,C2,CARRIAGE,1,2011-03-24 16:45:00 UTC,50,EIRE
547703,12540,POST,POSTAGE,8,2011-03-24 17:10:00 UTC,28,Spain
547715,12520,POST,POSTAGE,2,2011-03-25 08:50:00 UTC,18,Germany
547722,12553,POST,POSTAGE,3,2011-03-25 10:19:00 UTC,18,France
547790,12545,POST,POSTAGE,3,2011-03-25 12:04:00 UTC,28,Spain
547796,14646,POST,POSTAGE,9,2011-03-25 12:34:00 UTC,15,Netherlands
547815,13520,POST,POSTAGE,1,2011-03-25 14:19:00 UTC,40,Switzerland
547821,12621,POST,POSTAGE,4,2011-03-25 14:50:00 UTC,18,Germany
547822,12668,POST,POSTAGE,16,2011-03-25 14:53:00 UTC,18,Germany
547825,12778,POST,POSTAGE,1,2011-03-25 15:01:00 UTC,15,Netherlands
547863,12728,POST,POSTAGE,2,2011-03-27 13:07:00 UTC,18,France
547873,13240,M,Manual,1,2011-03-27 15:33:00 UTC,14.95,United Kingdom
547882,14911,C2,CARRIAGE,1,2011-03-28 07:53:00 UTC,50,EIRE
547888,13368,C2,CARRIAGE,1,2011-03-28 09:59:00 UTC,50,United Kingdom
547892,12669,POST,POSTAGE,6,2011-03-28 10:15:00 UTC,18,France
547897,12792,POST,POSTAGE,2,2011-03-28 11:36:00 UTC,28,Portugal
547906,14410,M,Manual,2,2011-03-28 12:13:00 UTC,0.5,United Kingdom
547914,12594,POST,POSTAGE,1,2011-03-28 12:35:00 UTC,18,Italy
547925,12481,POST,POSTAGE,4,2011-03-28 13:57:00 UTC,18,Germany
547931,12594,POST,POSTAGE,1,2011-03-28 14:01:00 UTC,28,Italy
547934,12474,POST,POSTAGE,1,2011-03-28 14:07:00 UTC,18,Germany
547941,16692,POST,POSTAGE,1,2011-03-28 14:46:00 UTC,150,United Kingdom
548212,12456,POST,POSTAGE,4,2011-03-30 09:12:00 UTC,40,Switzerland
548320,12709,POST,POSTAGE,2,2011-03-30 12:54:00 UTC,18,Germany
548327,16788,M,Manual,1,2011-03-30 13:05:00 UTC,1.65,United Kingdom
548363,12428,POST,POSTAGE,10,2011-03-30 15:48:00 UTC,40,Finland
548412,12601,POST,POSTAGE,1,2011-03-31 10:38:00 UTC,18,Germany
548449,14911,C2,CARRIAGE,1,2011-03-31 11:08:00 UTC,50,EIRE
548461,14527,M,Manual,2,2011-03-31 12:08:00 UTC,0.5,United Kingdom
548470,12782,POST,POSTAGE,2,2011-03-31 12:36:00 UTC,28,Portugal
548568,14543,M,Manual,1,2011-04-01 10:43:00 UTC,12.75,United Kingdom
548568,14543,M,Manual,2,2011-04-01 10:43:00 UTC,10.95,United Kingdom
548621,16960,M,Manual,3,2011-04-01 11:54:00 UTC,0.65,United Kingdom
548631,13184,M,Manual,1,2011-04-01 12:24:00 UTC,1,United Kingdom
548654,12569,POST,POSTAGE,7,2011-04-01 13:47:00 UTC,18,Germany
548661,12415,POST,POSTAGE,1,2011-04-01 14:28:00 UTC,350,Australia
548725,12678,POST,POSTAGE,1,2011-04-04 09:08:00 UTC,134,France
548737,12682,POST,POSTAGE,4,2011-04-04 11:18:00 UTC,18,France
548745,12471,POST,POSTAGE,3,2011-04-04 12:10:00 UTC,18,Germany
548813,12744,M,Manual,1,2011-04-04 13:03:00 UTC,162.6,Singapore
548813,12744,M,Manual,1,2011-04-04 13:03:00 UTC,2382.92,Singapore
548813,12744,M,Manual,1,2011-04-04 13:03:00 UTC,239.3,Singapore
548813,12744,M,Manual,1,2011-04-04 13:03:00 UTC,1252.95,Singapore
548820,12744,M,Manual,1,2011-04-04 13:04:00 UTC,2053.07,Singapore
548858,14911,C2,CARRIAGE,1,2011-04-04 13:29:00 UTC,50,EIRE
548860,13263,M,Manual,1,2011-04-04 13:38:00 UTC,2,United Kingdom
548913,12669,M,Manual,1,2011-04-05 09:45:00 UTC,1136.3,France
548955,12348,POST,POSTAGE,1,2011-04-05 10:47:00 UTC,40,Finland
549193,12580,POST,POSTAGE,2,2011-04-07 10:24:00 UTC,18,Germany
549242,14911,C2,CARRIAGE,1,2011-04-07 11:41:00 UTC,50,EIRE
549245,15005,M,Manual,2,2011-04-07 11:59:00 UTC,0.85,United Kingdom
549249,12423,POST,POSTAGE,2,2011-04-07 12:04:00 UTC,15,Belgium
549274,12721,POST,POSTAGE,3,2011-04-07 13:07:00 UTC,18,France
549325,12717,POST,POSTAGE,2,2011-04-08 10:32:00 UTC,50,Greece
549434,12647,POST,POSTAGE,4,2011-04-08 12:30:00 UTC,18,Germany
549468,17940,M,Manual,1,2011-04-08 14:27:00 UTC,1867.86,United Kingdom
549559,12447,POST,POSTAGE,3,2011-04-10 13:25:00 UTC,15,Belgium
549588,12428,POST,POSTAGE,3,2011-04-11 10:04:00 UTC,40,Finland
549680,12701,POST,POSTAGE,2,2011-04-11 13:02:00 UTC,18,Germany
549682,12596,POST,POSTAGE,2,2011-04-11 13:22:00 UTC,28,Spain
549689,15971,POST,POSTAGE,1,2011-04-11 13:40:00 UTC,4.95,United Kingdom
549717,14606,BANK CHARGES,Bank Charges,1,2011-04-11 14:56:00 UTC,15,United Kingdom
549721,14911,C2,CARRIAGE,1,2011-04-11 15:35:00 UTC,50,EIRE
549730,15867,M,Manual,1,2011-04-11 16:35:00 UTC,1.5,United Kingdom
549739,15935,M,Manual,1,2011-04-12 09:35:00 UTC,308.82,United Kingdom
549825,12463,POST,POSTAGE,2,2011-04-12 12:47:00 UTC,18,Belgium
549914,14931,C2,CARRIAGE,1,2011-04-13 09:32:00 UTC,50,Channel Islands
549981,16348,M,Manual,6,2011-04-13 15:49:00 UTC,0.39,United Kingdom
549989,13221,M,Manual,1,2011-04-13 16:58:00 UTC,2.55,United Kingdom
550002,12709,POST,POSTAGE,1,2011-04-14 09:30:00 UTC,18,Germany
550004,12569,POST,POSTAGE,4,2011-04-14 09:56:00 UTC,18,Germany
550145,12637,POST,POSTAGE,3,2011-04-14 14:15:00 UTC,18,France
550162,12569,POST,POSTAGE,2,2011-04-14 16:23:00 UTC,18,Germany
550178,12662,POST,POSTAGE,2,2011-04-14 17:25:00 UTC,18,Germany
550187,13811,POST,POSTAGE,2,2011-04-14 18:40:00 UTC,18,Germany
550188,12457,POST,POSTAGE,3,2011-04-14 18:57:00 UTC,40,Switzerland
550192,12582,POST,POSTAGE,3,2011-04-15 08:45:00 UTC,40,Finland
550193,13952,PADS,PADS TO MATCH ALL CUSHIONS,1,2011-04-15 09:27:00 UTC,0.001,United Kingdom
550277,12639,POST,POSTAGE,3,2011-04-15 12:48:00 UTC,40,Sweden
550281,12457,POST,POSTAGE,1,2011-04-15 13:48:00 UTC,40,Switzerland
550284,12383,POST,POSTAGE,1,2011-04-15 14:10:00 UTC,15,Belgium
550302,14156,C2,CARRIAGE,1,2011-04-17 10:17:00 UTC,50,EIRE
550313,12681,POST,POSTAGE,2,2011-04-17 11:21:00 UTC,18,France
550354,13811,M,Manual,1,2011-04-18 10:28:00 UTC,222.75,Germany
550440,12407,POST,POSTAGE,2,2011-04-18 12:25:00 UTC,15,Belgium
550469,16399,M,Manual,18,2011-04-18 13:46:00 UTC,0.1,United Kingdom
550488,16729,M,Manual,4,2011-04-18 14:27:00 UTC,0.83,United Kingdom
550513,16928,M,Manual,1,2011-04-18 16:37:00 UTC,7.95,United Kingdom
550527,12476,POST,POSTAGE,11,2011-04-19 10:48:00 UTC,18,Germany
550617,13376,C2,CARRIAGE,1,2011-04-19 13:03:00 UTC,50,United Kingdom
550618,14156,C2,CARRIAGE,1,2011-04-19 13:09:00 UTC,50,EIRE
550620,12585,POST,POSTAGE,6,2011-04-19 13:39:00 UTC,18,Germany
550625,12619,POST,POSTAGE,2,2011-04-19 14:02:00 UTC,18,Germany
550633,17449,M,Manual,1,2011-04-19 14:57:00 UTC,3,United Kingdom
550661,12656,POST,POSTAGE,4,2011-04-20 09:20:00 UTC,18,France
550665,12530,POST,POSTAGE,2,2011-04-20 09:31:00 UTC,18,Germany
550827,12670,POST,POSTAGE,3,2011-04-21 10:16:00 UTC,18,France
550899,13505,POST,POSTAGE,4,2011-04-21 12:07:00 UTC,40,Switzerland
550924,12664,POST,POSTAGE,1,2011-04-21 14:33:00 UTC,40,Finland
550946,12708,POST,POSTAGE,1,2011-04-21 15:52:00 UTC,18,Germany
550957,18283,M,Manual,1,2011-04-21 16:37:00 UTC,1.95,United Kingdom
550960,12622,POST,POSTAGE,1,2011-04-21 16:39:00 UTC,18,Germany
550998,12414,POST,POSTAGE,1,2011-04-26 09:12:00 UTC,40,Austria
551013,15108,POST,POSTAGE,2,2011-04-26 10:54:00 UTC,18,European Community
551016,17975,M,Manual,2,2011-04-26 11:09:00 UTC,1.65,United Kingdom
551054,12429,POST,POSTAGE,2,2011-04-26 11:44:00 UTC,28,Austria
551187,14911,C2,CARRIAGE,1,2011-04-27 10:02:00 UTC,50,EIRE
551258,12621,POST,POSTAGE,8,2011-04-27 12:02:00 UTC,18,Germany
551268,16965,M,Manual,48,2011-04-27 12:08:00 UTC,0.19,United Kingdom
551270,15891,M,Manual,1,2011-04-27 12:35:00 UTC,2.55,United Kingdom
551277,13637,M,Manual,1,2011-04-27 13:06:00 UTC,1.25,United Kingdom
551278,12483,POST,POSTAGE,1,2011-04-27 13:13:00 UTC,40,Sweden
551345,14646,POST,POSTAGE,6,2011-04-28 09:03:00 UTC,15,Netherlands
551346,12362,POST,POSTAGE,3,2011-04-28 09:12:00 UTC,15,Belgium
551389,12437,POST,POSTAGE,1,2011-04-28 11:45:00 UTC,18,France
551398,12417,POST,POSTAGE,3,2011-04-28 13:09:00 UTC,28,Spain
551419,12748,M,Manual,1,2011-04-28 13:51:00 UTC,400,United Kingdom
551467,12600,POST,POSTAGE,1,2011-04-28 16:20:00 UTC,18,Germany
551529,12524,POST,POSTAGE,8,2011-05-01 13:18:00 UTC,18,Germany
551544,12683,POST,POSTAGE,4,2011-05-03 09:33:00 UTC,18,France
551552,12598,POST,POSTAGE,2,2011-05-03 10:09:00 UTC,18,France
551649,12643,POST,POSTAGE,2,2011-05-03 12:02:00 UTC,20,France
551652,12643,POST,POSTAGE,2,2011-05-03 12:03:00 UTC,1,France
551697,16029,POST,POSTAGE,1,2011-05-03 13:46:00 UTC,8142.75,United Kingdom
551714,16806,M,Manual,1,2011-05-03 15:15:00 UTC,25.95,United Kingdom
551818,12569,POST,POSTAGE,4,2011-05-04 11:57:00 UTC,18,Germany
551820,12645,POST,POSTAGE,2,2011-05-04 12:11:00 UTC,18,Germany
551868,12540,POST,POSTAGE,8,2011-05-04 16:29:00 UTC,28,Spain
551886,12569,POST,POSTAGE,1,2011-05-05 09:23:00 UTC,18,Germany
551887,12593,POST,POSTAGE,2,2011-05-05 09:29:00 UTC,18,France
551945,16714,BANK CHARGES,Bank Charges,1,2011-05-05 11:09:00 UTC,15,United Kingdom
551950,14911,C2,CARRIAGE,1,2011-05-05 11:38:00 UTC,50,EIRE
551982,15023,M,Manual,3,2011-05-05 13:56:00 UTC,2.1,United Kingdom
551985,12395,POST,POSTAGE,1,2011-05-05 14:38:00 UTC,15,Belgium
552008,12476,POST,POSTAGE,4,2011-05-05 17:13:00 UTC,18,Germany
552040,12502,POST,POSTAGE,4,2011-05-06 08:19:00 UTC,28,Spain
552188,12394,POST,POSTAGE,2,2011-05-06 14:01:00 UTC,15,Belgium
552202,12414,POST,POSTAGE,1,2011-05-06 14:51:00 UTC,40,Austria
552259,15796,M,Manual,1,2011-05-08 11:13:00 UTC,1,United Kingdom
552315,12700,POST,POSTAGE,6,2011-05-08 16:10:00 UTC,18,France
552325,12490,POST,POSTAGE,2,2011-05-09 09:47:00 UTC,18,France
552337,12621,POST,POSTAGE,3,2011-05-09 11:34:00 UTC,18,Germany
552464,12726,POST,POSTAGE,1,2011-05-09 15:12:00 UTC,18,France
552543,12399,POST,POSTAGE,2,2011-05-10 10:22:00 UTC,15,Belgium
552549,15674,M,Manual,1,2011-05-10 10:39:00 UTC,334.71,United Kingdom
552631,12684,POST,POSTAGE,2,2011-05-10 12:55:00 UTC,18,France
552649,12592,POST,POSTAGE,1,2011-05-10 13:44:00 UTC,18,Germany
552656,12712,POST,POSTAGE,3,2011-05-10 14:46:00 UTC,18,Germany
552731,12372,POST,POSTAGE,2,2011-05-11 10:43:00 UTC,18,Denmark
552844,12649,POST,POSTAGE,2,2011-05-11 14:37:00 UTC,18,Germany
552845,14646,POST,POSTAGE,6,2011-05-11 14:37:00 UTC,15,Netherlands
552846,14646,POST,POSTAGE,1,2011-05-11 14:38:00 UTC,18,Netherlands
552871,12693,POST,POSTAGE,2,2011-05-12 08:52:00 UTC,18,Germany
552874,12621,POST,POSTAGE,7,2011-05-12 09:40:00 UTC,18,Germany
552878,12625,POST,POSTAGE,8,2011-05-12 09:54:00 UTC,18,Germany
552884,12395,POST,POSTAGE,1,2011-05-12 10:15:00 UTC,15,Belgium
552946,12683,POST,POSTAGE,1,2011-05-12 11:50:00 UTC,18,France
552980,12590,POST,POSTAGE,1,2011-05-12 14:52:00 UTC,523,Germany
553002,13263,M,Manual,2,2011-05-12 15:26:00 UTC,1.95,United Kingdom
553018,12757,M,Manual,1,2011-05-12 19:02:00 UTC,557.72,Portugal
553035,17337,M,Manual,1,2011-05-12 20:13:00 UTC,1.45,United Kingdom
553037,12471,POST,POSTAGE,4,2011-05-13 08:10:00 UTC,18,Germany
553044,12682,POST,POSTAGE,2,2011-05-13 09:24:00 UTC,18,France
553161,12681,POST,POSTAGE,1,2011-05-13 15:48:00 UTC,18,France
553189,15033,M,Manual,2,2011-05-15 13:14:00 UTC,1.65,United Kingdom
553195,12599,POST,POSTAGE,1,2011-05-15 13:45:00 UTC,18,France
553203,14911,C2,CARRIAGE,1,2011-05-15 16:10:00 UTC,50,EIRE
553208,12674,POST,POSTAGE,2,2011-05-16 09:10:00 UTC,18,France
553316,12682,POST,POSTAGE,1,2011-05-16 12:04:00 UTC,18,France
553357,12684,M,Manual,2,2011-05-16 14:17:00 UTC,15,France
553411,12714,POST,POSTAGE,3,2011-05-17 09:28:00 UTC,18,France
553415,12463,POST,POSTAGE,2,2011-05-17 10:02:00 UTC,18,Belgium
553547,12474,POST,POSTAGE,4,2011-05-17 15:48:00 UTC,18,Germany
553559,14931,M,Manual,1,2011-05-17 17:12:00 UTC,293,Channel Islands
553566,12690,POST,POSTAGE,3,2011-05-18 09:09:00 UTC,18,France
553577,12437,POST,POSTAGE,2,2011-05-18 10:34:00 UTC,18,France
553666,12679,POST,POSTAGE,2,2011-05-18 12:18:00 UTC,18,France
553674,12483,POST,POSTAGE,1,2011-05-18 12:50:00 UTC,40,Sweden
553679,14565,C2,CARRIAGE,1,2011-05-18 13:09:00 UTC,50,United Kingdom
553682,14646,POST,POSTAGE,4,2011-05-18 13:20:00 UTC,15,Netherlands
553731,12481,POST,POSTAGE,4,2011-05-19 08:26:00 UTC,18,Germany
553741,12520,POST,POSTAGE,3,2011-05-19 09:37:00 UTC,18,Germany
553842,12524,POST,POSTAGE,2,2011-05-19 12:24:00 UTC,18,Germany
553843,12553,POST,POSTAGE,2,2011-05-19 12:29:00 UTC,18,France
553884,12600,POST,POSTAGE,1,2011-05-19 15:36:00 UTC,18,Germany
553885,12601,POST,POSTAGE,1,2011-05-19 15:41:00 UTC,18,Germany
553897,14911,C2,CARRIAGE,1,2011-05-19 17:23:00 UTC,50,EIRE
553921,13376,C2,CARRIAGE,1,2011-05-20 09:08:00 UTC,50,United Kingdom
553931,14911,C2,CARRIAGE,1,2011-05-20 10:27:00 UTC,50,EIRE
553997,12656,POST,POSTAGE,9,2011-05-20 11:34:00 UTC,18,France
554038,12775,POST,POSTAGE,2,2011-05-20 14:23:00 UTC,15,Netherlands
554097,12567,POST,POSTAGE,5,2011-05-22 13:01:00 UTC,18,France
554104,12705,POST,POSTAGE,4,2011-05-22 14:03:00 UTC,18,Germany
554106,12710,POST,POSTAGE,4,2011-05-22 14:05:00 UTC,18,Germany
554109,12682,POST,POSTAGE,2,2011-05-22 14:33:00 UTC,18,France
554132,12360,POST,POSTAGE,4,2011-05-23 09:43:00 UTC,40,Austria
554134,12583,POST,POSTAGE,2,2011-05-23 09:48:00 UTC,18,France
554137,12708,POST,POSTAGE,2,2011-05-23 10:13:00 UTC,18,Germany
554147,12423,POST,POSTAGE,2,2011-05-23 10:48:00 UTC,15,Belgium
554155,12757,M,Manual,1,2011-05-23 11:26:00 UTC,1241.98,Portugal
554159,12464,POST,POSTAGE,2,2011-05-23 11:48:00 UTC,15,Belgium
554280,14817,C2,CARRIAGE,1,2011-05-23 13:35:00 UTC,50,United Kingdom
554301,12757,M,Manual,1,2011-05-23 14:46:00 UTC,1241.98,Portugal
554305,12757,M,Manual,1,2011-05-23 14:58:00 UTC,557.72,Portugal
554324,12712,POST,POSTAGE,1,2011-05-23 15:38:00 UTC,18,Germany
554325,12621,POST,POSTAGE,3,2011-05-23 15:38:00 UTC,18,Germany
554356,12670,POST,POSTAGE,2,2011-05-24 09:25:00 UTC,18,France
554363,12647,POST,POSTAGE,2,2011-05-24 10:19:00 UTC,18,Germany
554555,12437,POST,POSTAGE,2,2011-05-25 10:08:00 UTC,18,France
554648,12562,POST,POSTAGE,3,2011-05-25 12:44:00 UTC,18,France
554650,12681,POST,POSTAGE,3,2011-05-25 12:54:00 UTC,18,France
554654,12815,POST,POSTAGE,3,2011-05-25 13:34:00 UTC,40,Poland
554699,12613,POST,POSTAGE,3,2011-05-26 09:17:00 UTC,18,Germany
554711,12654,POST,POSTAGE,1,2011-05-26 10:41:00 UTC,18,Germany
554770,14911,C2,CARRIAGE,1,2011-05-26 11:40:00 UTC,50,EIRE
554792,12547,POST,POSTAGE,1,2011-05-26 12:38:00 UTC,28,Spain
554794,12720,POST,POSTAGE,2,2011-05-26 12:41:00 UTC,18,Germany
554826,12493,C2,CARRIAGE,2,2011-05-26 14:53:00 UTC,18,France
554840,12684,POST,POSTAGE,2,2011-05-26 17:16:00 UTC,18,France
554861,12633,POST,POSTAGE,5,2011-05-27 10:29:00 UTC,18,Germany
554924,12748,POST,POSTAGE,1,2011-05-27 12:54:00 UTC,4,United Kingdom
554933,13232,M,Manual,2,2011-05-27 13:26:00 UTC,0.3,United Kingdom
554938,12876,POST,POSTAGE,4,2011-05-27 13:34:00 UTC,15,Belgium
554940,12494,POST,POSTAGE,2,2011-05-27 13:49:00 UTC,18,France
554985,12426,POST,POSTAGE,4,2011-05-29 12:26:00 UTC,18,Germany
555003,12787,POST,POSTAGE,1,2011-05-31 09:36:00 UTC,15,Netherlands
555095,12540,POST,POSTAGE,7,2011-05-31 13:32:00 UTC,28,Spain
555096,12682,POST,POSTAGE,3,2011-05-31 13:32:00 UTC,18,France
555106,12790,POST,POSTAGE,2,2011-05-31 14:14:00 UTC,15,Netherlands
555110,17841,M,Manual,2,2011-05-31 14:34:00 UTC,1.65,United Kingdom
555147,13505,POST,POSTAGE,4,2011-05-31 15:41:00 UTC,40,Switzerland
555161,12423,POST,POSTAGE,1,2011-06-01 09:26:00 UTC,15,Belgium
555162,12473,POST,POSTAGE,4,2011-06-01 10:15:00 UTC,18,Germany
555264,17757,M,Manual,1,2011-06-01 16:03:00 UTC,3.95,United Kingdom
555403,12676,POST,POSTAGE,1,2011-06-02 18:06:00 UTC,40,Sweden
555407,12775,POST,POSTAGE,1,2011-06-03 07:48:00 UTC,15,Netherlands
555417,12601,POST,POSTAGE,1,2011-06-03 10:17:00 UTC,18,Germany
555470,12455,POST,POSTAGE,1,2011-06-03 11:33:00 UTC,28,Spain
555523,12468,POST,POSTAGE,2,2011-06-05 11:36:00 UTC,18,Germany
555531,12678,POST,POSTAGE,11,2011-06-05 11:53:00 UTC,18,France
555547,12681,POST,POSTAGE,4,2011-06-05 13:13:00 UTC,18,France
555553,12662,POST,POSTAGE,2,2011-06-05 13:45:00 UTC,18,Germany
555569,12727,POST,POSTAGE,5,2011-06-05 15:29:00 UTC,18,France
555572,12449,POST,POSTAGE,6,2011-06-05 15:37:00 UTC,15,Belgium
555574,12417,POST,POSTAGE,3,2011-06-05 15:46:00 UTC,15,Belgium
555589,12802,POST,POSTAGE,2,2011-06-06 09:36:00 UTC,15,Netherlands
555648,14623,M,Manual,12,2011-06-06 13:46:00 UTC,0.39,United Kingdom
555719,12609,POST,POSTAGE,5,2011-06-06 15:31:00 UTC,18,Germany
555721,15108,POST,POSTAGE,3,2011-06-06 16:01:00 UTC,15,European Community
555726,12540,POST,POSTAGE,2,2011-06-06 16:23:00 UTC,28,Spain
555739,12380,POST,POSTAGE,3,2011-06-07 09:49:00 UTC,15,Belgium
555851,13050,M,Manual,1,2011-06-07 13:37:00 UTC,3.75,United Kingdom
555858,14911,C2,CARRIAGE,1,2011-06-07 14:12:00 UTC,50,EIRE
555928,12383,POST,POSTAGE,2,2011-06-08 08:02:00 UTC,15,Belgium
555931,17828,POST,POSTAGE,4,2011-06-08 08:31:00 UTC,40,Malta
555937,12683,POST,POSTAGE,3,2011-06-08 09:39:00 UTC,18,France
555941,12726,POST,POSTAGE,1,2011-06-08 10:10:00 UTC,18,France
555943,13520,POST,POSTAGE,3,2011-06-08 10:15:00 UTC,40,Switzerland
556070,17873,M,Manual,1,2011-06-08 14:51:00 UTC,129.38,United Kingdom
556114,12569,POST,POSTAGE,1,2011-06-09 09:36:00 UTC,18,Germany
556118,13811,POST,POSTAGE,2,2011-06-09 09:54:00 UTC,18,Germany
556126,14911,C2,CARRIAGE,1,2011-06-09 10:23:00 UTC,50,EIRE
556194,12483,POST,POSTAGE,2,2011-06-09 12:20:00 UTC,18,Sweden
556203,12399,POST,POSTAGE,1,2011-06-09 13:09:00 UTC,15,Belgium
556206,14911,C2,CARRIAGE,1,2011-06-09 13:46:00 UTC,50,EIRE
556222,17522,M,Manual,12,2011-06-09 14:23:00 UTC,0.38,United Kingdom
556235,12778,POST,POSTAGE,1,2011-06-09 15:29:00 UTC,15,Netherlands
556241,12597,POST,POSTAGE,8,2011-06-09 16:04:00 UTC,28,Spain
556258,12694,POST,POSTAGE,3,2011-06-09 17:48:00 UTC,18,France
556259,12721,POST,POSTAGE,4,2011-06-09 17:53:00 UTC,18,France
556305,12643,POST,POSTAGE,4,2011-06-10 10:38:00 UTC,18,France
556443,12712,POST,POSTAGE,4,2011-06-10 15:28:00 UTC,18,Germany
556463,12583,POST,POSTAGE,2,2011-06-12 10:47:00 UTC,18,France
556469,12516,POST,POSTAGE,3,2011-06-12 11:37:00 UTC,18,Germany
556507,12567,POST,POSTAGE,8,2011-06-13 09:55:00 UTC,18,France
556509,12708,POST,POSTAGE,2,2011-06-13 10:33:00 UTC,18,Germany
556517,12481,POST,POSTAGE,5,2011-06-13 10:52:00 UTC,18,Germany
556519,16794,POST,POSTAGE,1,2011-06-13 10:54:00 UTC,2.02,United Kingdom
556526,12732,POST,POSTAGE,1,2011-06-13 11:33:00 UTC,18,France
556527,16205,M,Manual,4,2011-06-13 11:33:00 UTC,1.65,United Kingdom
556529,12714,POST,POSTAGE,4,2011-06-13 11:41:00 UTC,18,France
556573,14667,M,Manual,1,2011-06-13 13:32:00 UTC,4.25,United Kingdom
556578,12472,POST,POSTAGE,7,2011-06-13 14:13:00 UTC,18,Germany
556671,17841,M,Manual,1,2011-06-13 16:33:00 UTC,2.5,United Kingdom
556784,14461,M,Manual,1,2011-06-14 13:15:00 UTC,0.39,United Kingdom
556816,12437,POST,POSTAGE,3,2011-06-15 09:01:00 UTC,18,France
556819,12682,POST,POSTAGE,4,2011-06-15 10:21:00 UTC,18,France
556829,12809,POST,POSTAGE,3,2011-06-15 10:51:00 UTC,28,Portugal
556883,13343,C2,CARRIAGE,1,2011-06-15 12:24:00 UTC,50,United Kingdom
556886,12624,POST,POSTAGE,2,2011-06-15 12:34:00 UTC,18,France
556969,16257,C2,CARRIAGE,1,2011-06-16 10:11:00 UTC,25,United Kingdom
557007,12484,POST,POSTAGE,7,2011-06-16 11:30:00 UTC,28,Spain
557027,12816,POST,POSTAGE,2,2011-06-16 13:24:00 UTC,40,Poland
557055,12621,POST,POSTAGE,2,2011-06-16 14:45:00 UTC,18,Germany
557069,12562,POST,POSTAGE,3,2011-06-16 15:22:00 UTC,18,France
557136,14911,C2,CARRIAGE,1,2011-06-17 09:23:00 UTC,50,EIRE
557147,12408,POST,POSTAGE,4,2011-06-17 10:51:00 UTC,15,Belgium
557232,12463,POST,POSTAGE,2,2011-06-17 14:28:00 UTC,18,Belgium
557295,12724,POST,POSTAGE,1,2011-06-19 13:37:00 UTC,18,France
557297,12421,POST,POSTAGE,2,2011-06-19 13:54:00 UTC,28,Spain
557314,12541,POST,POSTAGE,1,2011-06-19 15:59:00 UTC,28,Spain
557318,14911,C2,CARRIAGE,1,2011-06-19 16:11:00 UTC,50,EIRE
557427,12429,POST,POSTAGE,9,2011-06-20 12:14:00 UTC,18,Denmark
557466,13815,POST,POSTAGE,11,2011-06-20 13:08:00 UTC,18,Germany
557483,12643,POST,POSTAGE,1,2011-06-20 14:17:00 UTC,18,France
557489,12490,POST,POSTAGE,3,2011-06-20 14:58:00 UTC,18,France
557525,12759,POST,POSTAGE,3,2011-06-21 09:26:00 UTC,15,Netherlands
557569,12474,POST,POSTAGE,2,2011-06-21 10:46:00 UTC,18,Germany
557605,14911,C2,CARRIAGE,1,2011-06-21 12:06:00 UTC,25,EIRE
557627,12583,POST,POSTAGE,1,2011-06-21 14:30:00 UTC,18,France
557669,12674,POST,POSTAGE,2,2011-06-22 09:43:00 UTC,18,France
557734,12684,POST,POSTAGE,2,2011-06-22 11:20:00 UTC,18,France
557742,14911,C2,CARRIAGE,1,2011-06-22 11:46:00 UTC,50,EIRE
557754,12432,POST,POSTAGE,1,2011-06-22 13:12:00 UTC,700,Norway
557759,14156,C2,CARRIAGE,1,2011-06-22 13:52:00 UTC,50,EIRE
557789,12379,POST,POSTAGE,3,2011-06-22 16:32:00 UTC,15,Belgium
557803,12704,POST,POSTAGE,1,2011-06-23 10:20:00 UTC,40,Finland
557850,12720,POST,POSTAGE,2,2011-06-23 10:56:00 UTC,18,Germany
557872,14911,C2,CARRIAGE,1,2011-06-23 12:42:00 UTC,50,EIRE
557884,17759,M,Manual,1,2011-06-23 13:35:00 UTC,1.25,United Kingdom
557885,12465,POST,POSTAGE,2,2011-06-23 13:37:00 UTC,15,Belgium
557889,12412,POST,POSTAGE,2,2011-06-23 13:51:00 UTC,18,Denmark
557939,12697,POST,POSTAGE,2,2011-06-23 15:44:00 UTC,40,Sweden
557972,12500,POST,POSTAGE,2,2011-06-24 10:16:00 UTC,18,Germany
558041,12422,POST,POSTAGE,3,2011-06-24 13:20:00 UTC,40,Switzerland
558045,12615,POST,POSTAGE,3,2011-06-24 13:35:00 UTC,18,France
558089,13505,POST,POSTAGE,3,2011-06-26 12:36:00 UTC,40,Switzerland
558108,12548,POST,POSTAGE,1,2011-06-26 15:35:00 UTC,28,Spain
558124,12493,POST,POSTAGE,1,2011-06-27 10:17:00 UTC,18,France
558334,12599,POST,POSTAGE,1,2011-06-28 13:11:00 UTC,18,France
558381,15299,M,Manual,1,2011-06-28 17:01:00 UTC,600,United Kingdom
558461,13263,M,Manual,2,2011-06-29 15:03:00 UTC,1.95,United Kingdom
558479,17837,M,Manual,2,2011-06-29 16:44:00 UTC,2.95,United Kingdom
558608,12524,POST,POSTAGE,1,2011-06-30 15:30:00 UTC,18,Germany
558623,12395,POST,POSTAGE,1,2011-06-30 16:52:00 UTC,15,Belgium
558626,12569,POST,POSTAGE,1,2011-06-30 17:34:00 UTC,18,Germany
558628,12626,POST,POSTAGE,5,2011-06-30 17:59:00 UTC,18,Germany
558640,14911,C2,CARRIAGE,1,2011-07-01 08:58:00 UTC,50,EIRE
558644,14156,C2,CARRIAGE,1,2011-07-01 10:16:00 UTC,50,EIRE
558679,17800,M,Manual,1,2011-07-01 10:58:00 UTC,1,United Kingdom
558687,12598,POST,POSTAGE,1,2011-07-01 11:43:00 UTC,18,France
558699,12494,POST,POSTAGE,1,2011-07-01 12:17:00 UTC,18,France
558717,12710,POST,POSTAGE,1,2011-07-01 13:22:00 UTC,18,Germany
558813,12682,POST,POSTAGE,3,2011-07-04 11:42:00 UTC,18,France
558841,12471,M,Manual,1,2011-07-04 11:59:00 UTC,30,Germany
558875,13301,M,Manual,2,2011-07-04 13:35:00 UTC,8.95,United Kingdom
558895,12619,M,Manual,1,2011-07-04 15:54:00 UTC,389.68,Germany
558908,13338,C2,CARRIAGE,1,2011-07-05 09:06:00 UTC,50,United Kingdom
559004,12428,POST,POSTAGE,4,2011-07-05 12:23:00 UTC,40,Finland
559010,14911,C2,CARRIAGE,1,2011-07-05 12:50:00 UTC,50,EIRE
559058,12407,POST,POSTAGE,6,2011-07-06 09:49:00 UTC,15,Belgium
559106,15889,M,Manual,2,2011-07-06 11:10:00 UTC,7.95,United Kingdom
559107,15334,M,Manual,1,2011-07-06 11:22:00 UTC,2.95,United Kingdom
559134,12700,POST,POSTAGE,5,2011-07-06 13:14:00 UTC,18,France
559135,12455,POST,POSTAGE,1,2011-07-06 13:18:00 UTC,28,Spain
559173,12540,POST,POSTAGE,2,2011-07-07 10:03:00 UTC,28,Spain
559295,12362,POST,POSTAGE,2,2011-07-07 12:32:00 UTC,15,Belgium
559298,12471,POST,POSTAGE,6,2011-07-07 12:38:00 UTC,18,Germany
559316,12647,POST,POSTAGE,1,2011-07-07 13:54:00 UTC,18,Germany
559362,12635,POST,POSTAGE,3,2011-07-08 08:43:00 UTC,18,Germany
559418,12681,POST,POSTAGE,3,2011-07-08 11:36:00 UTC,18,France
559421,12648,POST,POSTAGE,1,2011-07-08 11:55:00 UTC,18,Germany
559422,12553,POST,POSTAGE,2,2011-07-08 12:00:00 UTC,18,France
559441,12583,POST,POSTAGE,2,2011-07-08 12:22:00 UTC,18,France
559504,15920,M,Manual,2,2011-07-08 15:16:00 UTC,0.79,United Kingdom
559511,15920,M,Manual,3,2011-07-08 15:31:00 UTC,0.79,United Kingdom
559535,17841,M,Manual,1,2011-07-10 12:16:00 UTC,3.75,United Kingdom
559535,17841,M,Manual,1,2011-07-10 12:16:00 UTC,0.85,United Kingdom
559536,16283,M,Manual,2,2011-07-10 12:17:00 UTC,0.85,United Kingdom
559607,12681,POST,POSTAGE,5,2011-07-11 11:39:00 UTC,18,France
559672,14796,M,Manual,4,2011-07-11 14:04:00 UTC,0.39,United Kingdom
559674,15856,M,Manual,3,2011-07-11 14:16:00 UTC,0.42,United Kingdom
559680,12717,POST,POSTAGE,2,2011-07-11 14:47:00 UTC,50,Greece
559685,12599,POST,POSTAGE,1,2011-07-11 15:22:00 UTC,18,France
559699,12682,POST,POSTAGE,1,2011-07-12 08:52:00 UTC,18,France
559704,12669,POST,POSTAGE,4,2011-07-12 09:54:00 UTC,18,France
559707,12358,POST,POSTAGE,2,2011-07-12 10:04:00 UTC,40,Austria
559710,12474,POST,POSTAGE,1,2011-07-12 10:25:00 UTC,18,Germany
559819,12682,POST,POSTAGE,1,2011-07-12 16:58:00 UTC,18,France
559835,13509,POST,POSTAGE,1,2011-07-13 10:08:00 UTC,15,United Kingdom
559862,12782,POST,POSTAGE,4,2011-07-13 10:30:00 UTC,28,Portugal
559889,12678,POST,POSTAGE,1,2011-07-13 11:48:00 UTC,145,France
559890,12464,POST,POSTAGE,1,2011-07-13 11:58:00 UTC,15,Belgium
559899,12528,POST,POSTAGE,3,2011-07-13 12:24:00 UTC,18,Germany
559928,12405,POST,POSTAGE,8,2011-07-14 08:52:00 UTC,40,Finland
559945,17396,M,Manual,1,2011-07-14 10:24:00 UTC,18,United Kingdom
559987,12619,POST,POSTAGE,5,2011-07-14 12:12:00 UTC,18,Germany
559988,15402,M,Manual,1,2011-07-14 12:17:00 UTC,0.42,United Kingdom
560041,14156,C2,CARRIAGE,1,2011-07-14 14:46:00 UTC,50,EIRE
560119,12815,POST,POSTAGE,2,2011-07-15 10:21:00 UTC,40,Poland
560187,17444,POST,POSTAGE,1,2011-07-15 12:05:00 UTC,550.94,Canada
560202,12712,POST,POSTAGE,4,2011-07-15 13:10:00 UTC,18,Germany
560209,15004,M,Manual,1,2011-07-15 14:05:00 UTC,0.39,United Kingdom
560211,12621,POST,POSTAGE,3,2011-07-15 14:34:00 UTC,18,Germany
560228,17750,M,Manual,10,2011-07-15 17:29:00 UTC,0.85,United Kingdom
560230,12600,POST,POSTAGE,2,2011-07-17 10:53:00 UTC,18,Germany
560272,12691,POST,POSTAGE,1,2011-07-17 14:56:00 UTC,18,France
560363,12589,POST,POSTAGE,1,2011-07-18 12:05:00 UTC,18,France
560413,13564,M,Manual,1,2011-07-18 14:33:00 UTC,550.64,United Kingdom
560452,12682,POST,POSTAGE,1,2011-07-19 09:51:00 UTC,18,France
560534,14911,C2,CARRIAGE,1,2011-07-19 12:10:00 UTC,50,EIRE
560545,12569,POST,POSTAGE,1,2011-07-19 12:38:00 UTC,18,Germany
560549,12664,POST,POSTAGE,2,2011-07-19 12:43:00 UTC,40,Finland
560566,12662,POST,POSTAGE,2,2011-07-19 13:45:00 UTC,18,Germany
560569,12480,POST,POSTAGE,3,2011-07-19 14:04:00 UTC,18,Germany
560579,15867,M,Manual,12,2011-07-19 15:13:00 UTC,0.42,United Kingdom
560607,12510,POST,POSTAGE,3,2011-07-20 10:15:00 UTC,28,Spain
560635,12521,POST,POSTAGE,3,2011-07-20 10:51:00 UTC,18,Germany
560651,15802,M,Manual,1,2011-07-20 11:38:00 UTC,451.42,United Kingdom
560710,14646,POST,POSTAGE,1,2011-07-20 12:51:00 UTC,15,Netherlands
560728,12520,POST,POSTAGE,2,2011-07-20 14:38:00 UTC,18,Germany
560783,15108,POST,POSTAGE,4,2011-07-21 10:24:00 UTC,15,European Community
560876,12626,POST,POSTAGE,6,2011-07-21 15:14:00 UTC,18,Germany
560901,12476,POST,POSTAGE,7,2011-07-21 17:39:00 UTC,18,Germany
560916,14911,C2,CARRIAGE,1,2011-07-21 18:19:00 UTC,50,EIRE
560922,14911,C2,CARRIAGE,1,2011-07-21 19:34:00 UTC,50,EIRE
560991,12438,POST,POSTAGE,3,2011-07-22 13:29:00 UTC,40,Norway
560997,12627,POST,POSTAGE,4,2011-07-22 13:59:00 UTC,18,Germany
561029,12490,POST,POSTAGE,2,2011-07-24 11:25:00 UTC,18,France
561037,12472,POST,POSTAGE,3,2011-07-24 11:55:00 UTC,18,Germany
561057,17935,POST,POSTAGE,1,2011-07-24 13:18:00 UTC,2.9,United Kingdom
561093,12540,POST,POSTAGE,6,2011-07-25 10:01:00 UTC,28,Spain
561094,12474,POST,POSTAGE,2,2011-07-25 10:04:00 UTC,18,Germany
561102,12412,POST,POSTAGE,1,2011-07-25 11:17:00 UTC,18,Denmark
561116,13520,POST,POSTAGE,5,2011-07-25 12:22:00 UTC,40,Switzerland
561216,14606,POST,POSTAGE,8,2011-07-25 17:04:00 UTC,15,United Kingdom
561226,15618,PADS,PADS TO MATCH ALL CUSHIONS,1,2011-07-26 10:13:00 UTC,0.001,United Kingdom
561257,14911,C2,CARRIAGE,1,2011-07-26 12:00:00 UTC,50,EIRE
561368,14866,POST,POSTAGE,1,2011-07-26 16:00:00 UTC,36.5,United Kingdom
561468,12709,POST,POSTAGE,5,2011-07-27 13:00:00 UTC,18,Germany
561470,12523,POST,POSTAGE,1,2011-07-27 13:14:00 UTC,18,France
561507,12397,POST,POSTAGE,7,2011-07-27 14:21:00 UTC,15,Belgium
561583,13813,POST,POSTAGE,3,2011-07-28 10:33:00 UTC,18,Germany
561631,14911,C2,CARRIAGE,1,2011-07-28 14:27:00 UTC,50,EIRE
561662,12407,POST,POSTAGE,2,2011-07-28 16:28:00 UTC,15,Belgium
561669,12507,POST,POSTAGE,6,2011-07-28 17:09:00 UTC,28,Spain
561795,12716,POST,POSTAGE,3,2011-07-29 13:28:00 UTC,18,France
561885,15532,M,Manual,2,2011-07-31 13:13:00 UTC,4.95,United Kingdom
561890,12697,POST,POSTAGE,2,2011-07-31 14:17:00 UTC,40,Sweden
561894,14456,M,Manual,1,2011-07-31 15:00:00 UTC,0.08,United Kingdom
561894,14456,M,Manual,36,2011-07-31 15:00:00 UTC,0.08,United Kingdom
561898,12456,POST,POSTAGE,7,2011-07-31 15:25:00 UTC,40,Switzerland
561902,17404,M,Manual,1,2011-07-31 15:50:00 UTC,30,Sweden
561911,12534,POST,POSTAGE,6,2011-08-01 10:26:00 UTC,18,Germany
561916,15581,M,Manual,1,2011-08-01 11:44:00 UTC,0,United Kingdom
561916,15581,M,Manual,1,2011-08-01 11:44:00 UTC,250,United Kingdom
562034,12449,POST,POSTAGE,6,2011-08-02 09:14:00 UTC,15,Belgium
562035,12627,POST,POSTAGE,2,2011-08-02 09:29:00 UTC,18,Germany
562037,13023,POST,POSTAGE,3,2011-08-02 09:34:00 UTC,15,United Kingdom
562038,12633,POST,POSTAGE,1,2011-08-02 09:35:00 UTC,18,Germany
562047,17788,POST,POSTAGE,1,2011-08-02 10:38:00 UTC,4.95,United Kingdom
562207,12643,POST,POSTAGE,9,2011-08-03 12:56:00 UTC,15,France
562273,12502,POST,POSTAGE,6,2011-08-04 09:55:00 UTC,28,Spain
562274,12704,POST,POSTAGE,2,2011-08-04 10:00:00 UTC,40,Finland
562275,12689,POST,POSTAGE,2,2011-08-04 10:04:00 UTC,18,France
562287,12455,POST,POSTAGE,1,2011-08-04 11:07:00 UTC,28,Spain
562347,13263,M,Manual,1,2011-08-04 12:22:00 UTC,0.42,United Kingdom
562370,12626,POST,POSTAGE,4,2011-08-04 14:20:00 UTC,18,Germany
562435,12693,POST,POSTAGE,2,2011-08-04 17:51:00 UTC,18,Germany
562445,12417,POST,POSTAGE,3,2011-08-04 18:51:00 UTC,18,Belgium
562450,12562,POST,POSTAGE,3,2011-08-05 08:40:00 UTC,18,France
562460,17841,M,Manual,6,2011-08-05 11:19:00 UTC,0.85,United Kingdom
562520,12599,POST,POSTAGE,1,2011-08-05 12:38:00 UTC,18,France
562527,12647,POST,POSTAGE,2,2011-08-05 13:49:00 UTC,18,Germany
562528,12610,POST,POSTAGE,4,2011-08-05 13:52:00 UTC,28,Italy
562537,12517,POST,POSTAGE,5,2011-08-05 15:02:00 UTC,18,Germany
562600,12676,POST,POSTAGE,1,2011-08-08 10:01:00 UTC,40,Sweden
562605,12530,POST,POSTAGE,2,2011-08-08 10:59:00 UTC,18,Germany
562650,17404,POST,POSTAGE,2,2011-08-08 13:12:00 UTC,40,Sweden
562729,12569,POST,POSTAGE,1,2011-08-09 10:05:00 UTC,18,Germany
562787,15581,M,Manual,1,2011-08-09 13:44:00 UTC,208.34,United Kingdom
562844,12444,POST,POSTAGE,7,2011-08-10 08:41:00 UTC,40,Norway
562853,13919,POST,POSTAGE,1,2011-08-10 10:15:00 UTC,18,Denmark
562882,12384,POST,POSTAGE,2,2011-08-10 11:23:00 UTC,40,Switzerland
562946,15581,M,Manual,1,2011-08-11 09:38:00 UTC,2500,United Kingdom
562960,14911,C2,CARRIAGE,1,2011-08-11 10:22:00 UTC,50,EIRE
563020,12428,POST,POSTAGE,3,2011-08-11 12:58:00 UTC,40,Finland
563037,12362,POST,POSTAGE,3,2011-08-11 15:02:00 UTC,15,Belgium
563100,12381,POST,POSTAGE,6,2011-08-12 09:57:00 UTC,40,Norway
563137,14534,M,Manual,1,2011-08-12 11:22:00 UTC,1.65,United Kingdom
563172,12399,POST,POSTAGE,1,2011-08-12 13:15:00 UTC,15,Belgium
563189,12682,POST,POSTAGE,2,2011-08-12 15:22:00 UTC,18,France
563288,12656,POST,POSTAGE,4,2011-08-15 12:53:00 UTC,18,France
563345,12619,POST,POSTAGE,2,2011-08-15 13:22:00 UTC,18,Germany
563355,14156,C2,CARRIAGE,1,2011-08-15 14:39:00 UTC,50,EIRE
563373,12569,POST,POSTAGE,2,2011-08-16 10:02:00 UTC,18,Germany
563383,14407,POST,POSTAGE,1,2011-08-16 10:52:00 UTC,15,United Kingdom
563443,12641,POST,POSTAGE,1,2011-08-16 13:26:00 UTC,40,Sweden
563518,12421,POST,POSTAGE,2,2011-08-17 10:56:00 UTC,28,Spain
563540,12473,POST,POSTAGE,5,2011-08-17 12:04:00 UTC,18,Germany
563548,12528,POST,POSTAGE,3,2011-08-17 12:30:00 UTC,18,Germany
563565,17338,M,Manual,12,2011-08-17 14:22:00 UTC,0.42,United Kingdom
563576,12748,M,Manual,1,2011-08-17 15:06:00 UTC,8.49,United Kingdom
563662,12729,POST,POSTAGE,2,2011-08-18 11:40:00 UTC,18,France
563692,17243,M,Manual,4,2011-08-18 13:01:00 UTC,2.1,United Kingdom
563712,12680,POST,POSTAGE,2,2011-08-18 15:44:00 UTC,18,France
563714,14565,C2,CARRIAGE,1,2011-08-18 15:51:00 UTC,50,United Kingdom
563749,12360,POST,POSTAGE,2,2011-08-19 10:10:00 UTC,40,Austria
563753,12513,POST,POSTAGE,3,2011-08-19 10:51:00 UTC,18,France
563776,12600,POST,POSTAGE,2,2011-08-19 11:23:00 UTC,18,Germany
563808,12626,POST,POSTAGE,2,2011-08-19 11:46:00 UTC,18,Germany
563852,12395,POST,POSTAGE,2,2011-08-19 15:18:00 UTC,15,Belgium
563853,12560,POST,POSTAGE,8,2011-08-19 15:22:00 UTC,18,Germany
563854,12364,POST,POSTAGE,3,2011-08-19 15:24:00 UTC,15,Belgium
563897,12523,POST,POSTAGE,1,2011-08-21 10:44:00 UTC,18,France
563911,16265,C2,CARRIAGE,1,2011-08-21 12:39:00 UTC,50,United Kingdom
563913,14911,C2,CARRIAGE,1,2011-08-21 13:11:00 UTC,50,EIRE
563914,12518,POST,POSTAGE,2,2011-08-21 13:18:00 UTC,18,Germany
563926,12553,POST,POSTAGE,2,2011-08-21 14:42:00 UTC,18,France
563936,17828,POST,POSTAGE,1,2011-08-22 09:03:00 UTC,40,Malta
563950,12471,POST,POSTAGE,7,2011-08-22 10:39:00 UTC,18,Germany
564039,12645,POST,POSTAGE,2,2011-08-22 12:40:00 UTC,18,Germany
564082,12627,POST,POSTAGE,4,2011-08-23 08:51:00 UTC,18,Germany
564085,14911,C2,CARRIAGE,1,2011-08-23 09:17:00 UTC,50,EIRE
564140,12621,POST,POSTAGE,2,2011-08-23 11:47:00 UTC,18,Germany
564173,12567,POST,POSTAGE,4,2011-08-23 14:23:00 UTC,18,France
564196,17315,POST,POSTAGE,1,2011-08-23 16:56:00 UTC,15,United Kingdom
564201,12540,POST,POSTAGE,2,2011-08-24 08:09:00 UTC,28,Spain
564216,12642,POST,POSTAGE,2,2011-08-24 09:23:00 UTC,18,Germany
564226,12523,POST,POSTAGE,2,2011-08-24 10:13:00 UTC,18,France
564307,17865,M,Manual,1,2011-08-24 12:32:00 UTC,2.1,United Kingdom
564328,12662,POST,POSTAGE,2,2011-08-24 13:42:00 UTC,18,Germany
564329,12569,POST,POSTAGE,2,2011-08-24 13:55:00 UTC,18,Germany
564337,12649,POST,POSTAGE,1,2011-08-24 14:40:00 UTC,18,Germany
564360,12471,POST,POSTAGE,3,2011-08-24 16:13:00 UTC,18,Germany
564367,12712,POST,POSTAGE,1,2011-08-25 09:18:00 UTC,18,Germany
564372,12714,POST,POSTAGE,6,2011-08-25 09:55:00 UTC,18,France
564378,12417,POST,POSTAGE,3,2011-08-25 10:26:00 UTC,15,Belgium
564471,12583,POST,POSTAGE,1,2011-08-25 12:26:00 UTC,18,France
564475,12500,POST,POSTAGE,1,2011-08-25 12:50:00 UTC,18,Germany
564476,12610,POST,POSTAGE,1,2011-08-25 12:57:00 UTC,40,Italy
564479,12682,POST,POSTAGE,2,2011-08-25 13:12:00 UTC,18,France
564481,12464,POST,POSTAGE,3,2011-08-25 13:33:00 UTC,15,Belgium
564531,12624,POST,POSTAGE,2,2011-08-25 15:04:00 UTC,18,France
564539,12715,POST,POSTAGE,2,2011-08-25 15:22:00 UTC,40,Sweden
564558,12704,POST,POSTAGE,2,2011-08-26 08:59:00 UTC,40,Finland
564638,13812,POST,POSTAGE,1,2011-08-26 12:54:00 UTC,18,Germany
564649,15611,POST,POSTAGE,1,2011-08-26 14:13:00 UTC,15,United Kingdom
564654,14911,C2,CARRIAGE,1,2011-08-26 14:29:00 UTC,50,EIRE
564666,12492,POST,POSTAGE,1,2011-08-26 14:51:00 UTC,18,Germany
564670,12683,POST,POSTAGE,6,2011-08-26 15:44:00 UTC,18,France
564749,12708,POST,POSTAGE,2,2011-08-30 08:15:00 UTC,18,Germany
564764,14096,DOT,DOTCOM POSTAGE,1,2011-08-30 10:49:00 UTC,11.17,United Kingdom
564819,12814,POST,POSTAGE,1,2011-08-30 12:11:00 UTC,40,Poland
564853,12423,POST,POSTAGE,3,2011-08-31 08:55:00 UTC,15,Belgium
564858,12484,POST,POSTAGE,5,2011-08-31 09:44:00 UTC,28,Spain
564861,17315,POST,POSTAGE,1,2011-08-31 10:21:00 UTC,15,United Kingdom
564862,12678,POST,POSTAGE,1,2011-08-31 10:24:00 UTC,145,France
564906,12682,POST,POSTAGE,2,2011-08-31 12:18:00 UTC,18,France
564912,12490,POST,POSTAGE,3,2011-08-31 12:33:00 UTC,18,France
564972,12621,POST,POSTAGE,6,2011-08-31 15:30:00 UTC,18,Germany
565123,17949,M,Manual,96,2011-09-01 11:56:00 UTC,5,United Kingdom
565124,12436,POST,POSTAGE,2,2011-09-01 12:09:00 UTC,40,Norway
565197,13376,C2,CARRIAGE,1,2011-09-01 16:16:00 UTC,50,United Kingdom
565210,17750,M,Manual,41,2011-09-01 17:09:00 UTC,0.19,United Kingdom
565239,12670,POST,POSTAGE,3,2011-09-02 09:51:00 UTC,18,France
565246,12408,POST,POSTAGE,4,2011-09-02 10:27:00 UTC,15,Belgium
565261,12474,POST,POSTAGE,2,2011-09-02 10:53:00 UTC,18,Germany
565287,12483,POST,POSTAGE,1,2011-09-02 11:42:00 UTC,18,Sweden
565321,12437,POST,POSTAGE,2,2011-09-02 13:14:00 UTC,18,France
565333,12375,POST,POSTAGE,1,2011-09-02 14:23:00 UTC,40,Finland
565377,18087,M,Manual,1,2011-09-02 15:12:00 UTC,852.8,United Kingdom
565383,14096,DOT,DOTCOM POSTAGE,1,2011-09-02 15:45:00 UTC,16.46,United Kingdom
565416,12710,POST,POSTAGE,2,2011-09-04 12:00:00 UTC,18,Germany
565423,12569,POST,POSTAGE,1,2011-09-04 12:23:00 UTC,18,Germany
565442,12627,POST,POSTAGE,3,2011-09-04 14:09:00 UTC,18,Germany
565443,12567,POST,POSTAGE,3,2011-09-04 14:22:00 UTC,18,France
565457,14565,C2,CARRIAGE,1,2011-09-05 09:07:00 UTC,50,United Kingdom
565474,14156,C2,CARRIAGE,1,2011-09-05 10:34:00 UTC,50,EIRE
565519,12502,POST,POSTAGE,7,2011-09-05 11:52:00 UTC,28,Spain
565579,18283,M,Manual,1,2011-09-05 12:35:00 UTC,4,United Kingdom
565583,12816,POST,POSTAGE,1,2011-09-05 12:41:00 UTC,40,Poland
565587,12727,POST,POSTAGE,6,2011-09-05 13:38:00 UTC,18,France
565612,12616,POST,POSTAGE,2,2011-09-05 15:17:00 UTC,18,France
565735,16904,BANK CHARGES,Bank Charges,1,2011-09-06 12:25:00 UTC,15,United Kingdom
565759,12720,POST,POSTAGE,3,2011-09-06 13:46:00 UTC,18,Germany
565765,12526,POST,POSTAGE,2,2011-09-06 14:19:00 UTC,18,Germany
565777,12569,POST,POSTAGE,1,2011-09-06 14:53:00 UTC,18,Germany
565785,12461,POST,POSTAGE,5,2011-09-06 16:57:00 UTC,40,Switzerland
565801,12685,POST,POSTAGE,3,2011-09-07 10:28:00 UTC,18,France
565851,14911,C2,CARRIAGE,1,2011-09-07 13:06:00 UTC,50,EIRE
565854,12490,POST,POSTAGE,4,2011-09-07 13:22:00 UTC,18,France
565870,16828,POST,POSTAGE,1,2011-09-07 15:10:00 UTC,15,United Kingdom
565916,14156,C2,CARRIAGE,1,2011-09-07 16:00:00 UTC,50,EIRE
565930,12685,POST,POSTAGE,5,2011-09-08 10:32:00 UTC,18,France
565931,12683,POST,POSTAGE,2,2011-09-08 10:35:00 UTC,18,France
565933,15885,POST,POSTAGE,1,2011-09-08 10:43:00 UTC,15,United Kingdom
566040,12540,POST,POSTAGE,2,2011-09-08 13:38:00 UTC,28,Spain
566054,12592,POST,POSTAGE,1,2011-09-08 15:04:00 UTC,18,Germany
566059,12569,POST,POSTAGE,1,2011-09-08 15:22:00 UTC,18,Germany
566076,12449,POST,POSTAGE,11,2011-09-09 09:13:00 UTC,15,Belgium
566080,15187,POST,POSTAGE,1,2011-09-09 10:05:00 UTC,15,United Kingdom
566115,12674,POST,POSTAGE,1,2011-09-09 10:51:00 UTC,18,France
566173,12787,POST,POSTAGE,1,2011-09-09 12:24:00 UTC,15,Netherlands
566217,14096,DOT,DOTCOM POSTAGE,1,2011-09-09 15:17:00 UTC,13.16,United Kingdom
566233,12635,POST,POSTAGE,7,2011-09-11 11:04:00 UTC,18,Germany
566256,12680,POST,POSTAGE,1,2011-09-11 12:27:00 UTC,18,France
566261,13372,C2,CARRIAGE,1,2011-09-11 12:46:00 UTC,50,United Kingdom
566267,12647,POST,POSTAGE,3,2011-09-11 13:32:00 UTC,18,Germany
566268,13813,POST,POSTAGE,3,2011-09-11 13:38:00 UTC,18,Germany
566492,12679,POST,POSTAGE,1,2011-09-13 10:34:00 UTC,18,France
566562,17365,M,Manual,12,2011-09-13 12:18:00 UTC,0.42,United Kingdom
566566,14096,DOT,DOTCOM POSTAGE,1,2011-09-13 12:32:00 UTC,85.58,United Kingdom
566586,12619,POST,POSTAGE,1,2011-09-13 14:23:00 UTC,18,Germany
566598,12664,POST,POSTAGE,1,2011-09-13 15:35:00 UTC,40,Finland
566736,12726,POST,POSTAGE,2,2011-09-14 14:19:00 UTC,18,France
566739,12566,POST,POSTAGE,3,2011-09-14 14:30:00 UTC,18,Germany
566773,12444,POST,POSTAGE,2,2011-09-15 09:43:00 UTC,40,Norway
566776,14911,C2,CARRIAGE,1,2011-09-15 09:53:00 UTC,50,EIRE
566846,14911,C2,CARRIAGE,1,2011-09-15 11:54:00 UTC,50,EIRE
566865,14735,POST,POSTAGE,1,2011-09-15 12:53:00 UTC,15,United Kingdom
566916,12457,POST,POSTAGE,4,2011-09-15 14:25:00 UTC,40,Switzerland
566918,12722,POST,POSTAGE,1,2011-09-15 14:50:00 UTC,18,France
566927,17846,M,Manual,1,2011-09-15 15:20:00 UTC,2033.1,United Kingdom
566984,12471,POST,POSTAGE,3,2011-09-16 10:39:00 UTC,18,Germany
566987,12476,POST,POSTAGE,4,2011-09-16 10:56:00 UTC,18,Germany
567134,12600,POST,POSTAGE,1,2011-09-16 14:20:00 UTC,18,Germany
567183,14769,M,Manual,1,2011-09-18 15:32:00 UTC,1.65,United Kingdom
567191,12562,POST,POSTAGE,3,2011-09-19 09:15:00 UTC,18,France
567196,12379,POST,POSTAGE,2,2011-09-19 10:09:00 UTC,15,Belgium
567293,12640,POST,POSTAGE,5,2011-09-19 12:01:00 UTC,18,France
567296,12682,POST,POSTAGE,1,2011-09-19 12:19:00 UTC,18,France
567298,12497,POST,POSTAGE,5,2011-09-19 12:29:00 UTC,18,Germany
567300,12724,POST,POSTAGE,3,2011-09-19 12:36:00 UTC,18,France
567305,12621,POST,POSTAGE,2,2011-09-19 13:28:00 UTC,18,Germany
567336,12621,POST,POSTAGE,4,2011-09-19 14:56:00 UTC,18,Germany
567340,12540,POST,POSTAGE,4,2011-09-19 15:02:00 UTC,28,Spain
567342,16235,POST,POSTAGE,1,2011-09-19 15:04:00 UTC,10,United Kingdom
567424,16369,M,Manual,2,2011-09-20 11:16:00 UTC,0.19,United Kingdom
567424,16369,M,Manual,2,2011-09-20 11:16:00 UTC,0.85,United Kingdom
567460,15888,M,Manual,3,2011-09-20 12:30:00 UTC,0.19,United Kingdom
567460,15888,M,Manual,6,2011-09-20 12:30:00 UTC,0.85,United Kingdom
567462,14446,M,Manual,60,2011-09-20 12:35:00 UTC,0.08,United Kingdom
567485,15026,M,Manual,60,2011-09-20 13:52:00 UTC,0.08,United Kingdom
567505,12352,POST,POSTAGE,2,2011-09-20 14:34:00 UTC,40,Norway
567530,12390,POST,POSTAGE,3,2011-09-21 09:33:00 UTC,15,Belgium
567552,12583,POST,POSTAGE,3,2011-09-21 10:40:00 UTC,18,France
567578,12701,POST,POSTAGE,2,2011-09-21 10:47:00 UTC,18,Germany
567616,14911,C2,CARRIAGE,1,2011-09-21 12:23:00 UTC,50,EIRE
567618,12721,POST,POSTAGE,1,2011-09-21 12:26:00 UTC,18,France
567631,13350,C2,CARRIAGE,1,2011-09-21 13:33:00 UTC,50,United Kingdom
567653,12550,POST,POSTAGE,5,2011-09-21 14:35:00 UTC,28,Spain
567656,14096,DOT,DOTCOM POSTAGE,1,2011-09-21 14:40:00 UTC,878.55,United Kingdom
567666,12520,POST,POSTAGE,4,2011-09-21 15:23:00 UTC,18,Germany
567720,14911,C2,CARRIAGE,1,2011-09-22 10:37:00 UTC,50,EIRE
567756,12678,POST,POSTAGE,3,2011-09-22 10:52:00 UTC,18,France
567793,12657,POST,POSTAGE,4,2011-09-22 11:40:00 UTC,18,France
567795,14646,POST,POSTAGE,6,2011-09-22 11:44:00 UTC,15,Netherlands
567824,12739,POST,POSTAGE,1,2011-09-22 13:00:00 UTC,37.5,United Arab Emirates
567866,16669,M,Manual,5,2011-09-22 14:13:00 UTC,0.8,United Kingdom
567869,16669,M,Manual,5,2011-09-22 14:18:00 UTC,0.08,United Kingdom
567897,12364,POST,POSTAGE,1,2011-09-22 16:07:00 UTC,15,Belgium
567904,12609,POST,POSTAGE,2,2011-09-22 16:34:00 UTC,18,Germany
567910,12437,POST,POSTAGE,1,2011-09-22 16:58:00 UTC,18,France
567912,15555,M,Manual,29,2011-09-22 17:07:00 UTC,0.06,United Kingdom
567914,12647,POST,POSTAGE,1,2011-09-22 17:14:00 UTC,18,Germany
567915,12579,POST,POSTAGE,3,2011-09-22 17:15:00 UTC,18,France
567924,12471,POST,POSTAGE,1,2011-09-22 17:25:00 UTC,18,Germany
567928,12380,POST,POSTAGE,3,2011-09-22 17:31:00 UTC,18,Belgium
567938,12704,POST,POSTAGE,2,2011-09-22 18:14:00 UTC,40,Finland
567958,12619,POST,POSTAGE,2,2011-09-23 09:00:00 UTC,18,Germany
567959,12516,POST,POSTAGE,4,2011-09-23 09:13:00 UTC,18,Germany
567968,12546,POST,POSTAGE,3,2011-09-23 09:44:00 UTC,28,Spain
568001,12540,POST,POSTAGE,1,2011-09-23 11:35:00 UTC,28,Spain
568040,12681,POST,POSTAGE,4,2011-09-23 12:09:00 UTC,18,France
568050,15901,M,Manual,1,2011-09-23 12:38:00 UTC,1.5,United Kingdom
568050,15901,M,Manual,6,2011-09-23 12:38:00 UTC,0.08,United Kingdom
568056,12705,POST,POSTAGE,5,2011-09-23 12:55:00 UTC,18,Germany
568103,12518,POST,POSTAGE,3,2011-09-23 15:45:00 UTC,18,Germany
568132,15549,M,Manual,3,2011-09-23 16:22:00 UTC,1.25,United Kingdom
568158,16133,PADS,PADS TO MATCH ALL CUSHIONS,1,2011-09-25 12:22:00 UTC,0,United Kingdom
568172,12348,POST,POSTAGE,1,2011-09-25 13:13:00 UTC,40,Finland
568176,12685,POST,POSTAGE,1,2011-09-25 13:25:00 UTC,18,France
568179,12545,POST,POSTAGE,3,2011-09-25 13:39:00 UTC,28,Spain
568200,16198,PADS,PADS TO MATCH ALL CUSHIONS,1,2011-09-25 14:58:00 UTC,0.001,United Kingdom
568208,12783,POST,POSTAGE,2,2011-09-25 15:35:00 UTC,28,Portugal
568221,14911,C2,CARRIAGE,1,2011-09-26 10:05:00 UTC,50,EIRE
568223,12412,POST,POSTAGE,2,2011-09-26 10:16:00 UTC,15,Denmark
568346,14096,DOT,DOTCOM POSTAGE,1,2011-09-26 15:28:00 UTC,688.08,United Kingdom
568350,12612,POST,POSTAGE,2,2011-09-26 15:35:00 UTC,18,Germany
568375,13405,BANK CHARGES,Bank Charges,1,2011-09-26 17:01:00 UTC,15,United Kingdom
568375,13405,BANK CHARGES,Bank Charges,1,2011-09-26 17:01:00 UTC,0.001,United Kingdom
568384,12748,M,Manual,1,2011-09-27 09:46:00 UTC,0,United Kingdom
568398,14543,POST,POSTAGE,1,2011-09-27 10:26:00 UTC,5,United Kingdom
568472,12517,POST,POSTAGE,2,2011-09-27 11:50:00 UTC,18,Germany
568518,12680,POST,POSTAGE,1,2011-09-27 12:53:00 UTC,18,France
568554,12455,POST,POSTAGE,1,2011-09-27 15:31:00 UTC,28,Spain
568645,12656,POST,POSTAGE,3,2011-09-28 11:38:00 UTC,18,France
568650,13505,POST,POSTAGE,8,2011-09-28 11:56:00 UTC,40,Switzerland
568651,12362,POST,POSTAGE,4,2011-09-28 12:04:00 UTC,15,Belgium
568674,12708,POST,POSTAGE,2,2011-09-28 13:30:00 UTC,18,Germany
568698,14911,C2,CARRIAGE,1,2011-09-28 14:57:00 UTC,50,EIRE
568699,12352,POST,POSTAGE,1,2011-09-28 14:58:00 UTC,40,Norway
568703,12748,M,Manual,183,2011-09-28 15:21:00 UTC,0.08,United Kingdom
568706,14911,C2,CARRIAGE,1,2011-09-28 15:32:00 UTC,50,EIRE
568798,12615,POST,POSTAGE,3,2011-09-29 10:23:00 UTC,18,France
568872,12372,POST,POSTAGE,2,2011-09-29 12:12:00 UTC,15,Denmark
568950,12458,POST,POSTAGE,2,2011-09-29 15:25:00 UTC,40,Switzerland
568953,12728,POST,POSTAGE,1,2011-09-29 15:31:00 UTC,18,France
568988,12718,POST,POSTAGE,2,2011-09-29 16:38:00 UTC,18,France
568994,12598,POST,POSTAGE,2,2011-09-29 16:52:00 UTC,18,France
569001,12703,POST,POSTAGE,1,2011-09-29 17:52:00 UTC,18,Germany
569006,16268,C2,CARRIAGE,1,2011-09-29 18:30:00 UTC,50,United Kingdom
569017,13813,POST,POSTAGE,2,2011-09-30 09:22:00 UTC,18,Germany
569018,12676,POST,POSTAGE,1,2011-09-30 09:25:00 UTC,40,Sweden
569028,14911,C2,CARRIAGE,1,2011-09-30 10:20:00 UTC,50,EIRE
569033,15611,POST,POSTAGE,1,2011-09-30 10:40:00 UTC,6,United Kingdom
569089,13764,M,Manual,3,2011-09-30 12:03:00 UTC,1,United Kingdom
569120,12583,POST,POSTAGE,2,2011-09-30 12:58:00 UTC,18,France
569122,12694,POST,POSTAGE,3,2011-09-30 13:06:00 UTC,18,France
569126,13347,C2,CARRIAGE,1,2011-09-30 13:28:00 UTC,50,United Kingdom
569130,14911,C2,CARRIAGE,1,2011-09-30 13:46:00 UTC,50,EIRE
569246,14096,DOT,DOTCOM POSTAGE,1,2011-10-03 09:57:00 UTC,490.25,United Kingdom
569332,12637,POST,POSTAGE,2,2011-10-03 13:46:00 UTC,18,France
569360,14653,M,Manual,1,2011-10-03 14:59:00 UTC,9.95,United Kingdom
569364,13167,M,Manual,12,2011-10-03 15:10:00 UTC,1,United Kingdom
569382,15502,M,Manual,1,2011-10-03 16:44:00 UTC,3155.95,United Kingdom
569389,15502,M,Manual,1,2011-10-03 16:51:00 UTC,152.78,United Kingdom
569389,15502,M,Manual,1,2011-10-03 16:51:00 UTC,32.22,United Kingdom
569389,15502,M,Manual,1,2011-10-03 16:51:00 UTC,120,United Kingdom
569402,12413,POST,POSTAGE,1,2011-10-04 09:00:00 UTC,18,France
569487,13351,C2,CARRIAGE,1,2011-10-04 12:55:00 UTC,50,United Kingdom
569496,12395,POST,POSTAGE,2,2011-10-04 13:45:00 UTC,15,Belgium
569522,12664,POST,POSTAGE,1,2011-10-04 14:41:00 UTC,40,Finland
569530,17957,M,Manual,12,2011-10-04 14:58:00 UTC,0.08,United Kingdom
569533,16374,M,Manual,1,2011-10-04 15:21:00 UTC,7.95,United Kingdom
569562,12720,POST,POSTAGE,3,2011-10-05 09:43:00 UTC,18,Germany
569563,12481,POST,POSTAGE,8,2011-10-05 09:46:00 UTC,18,Germany
569568,12700,POST,POSTAGE,5,2011-10-05 09:57:00 UTC,18,France
569639,12471,POST,POSTAGE,1,2011-10-05 12:24:00 UTC,240,Germany
569665,12789,POST,POSTAGE,1,2011-10-05 13:34:00 UTC,15,Netherlands
569686,12719,POST,POSTAGE,2,2011-10-05 14:50:00 UTC,18,France
569719,14646,POST,POSTAGE,8,2011-10-06 09:10:00 UTC,15,Netherlands
569721,12628,POST,POSTAGE,1,2011-10-06 09:28:00 UTC,18,Germany
569727,12500,POST,POSTAGE,2,2011-10-06 09:37:00 UTC,18,Germany
569735,14646,POST,POSTAGE,2,2011-10-06 10:34:00 UTC,15,Netherlands
569739,14911,C2,CARRIAGE,1,2011-10-06 10:48:00 UTC,50,EIRE
569844,12626,POST,POSTAGE,7,2011-10-06 13:30:00 UTC,18,Germany
569860,13812,POST,POSTAGE,1,2011-10-06 14:37:00 UTC,18,Germany
569861,13816,POST,POSTAGE,3,2011-10-06 14:37:00 UTC,18,Germany
569866,12757,M,Manual,2,2011-10-06 14:50:00 UTC,1.25,Portugal
569867,12569,POST,POSTAGE,2,2011-10-06 14:54:00 UTC,18,Germany
569893,12627,POST,POSTAGE,6,2011-10-06 15:51:00 UTC,18,Germany
569901,12923,M,Manual,1,2011-10-06 16:20:00 UTC,1.25,United Kingdom
569904,13023,POST,POSTAGE,3,2011-10-06 16:27:00 UTC,15,United Kingdom
569907,12569,POST,POSTAGE,1,2011-10-06 16:41:00 UTC,18,Germany
569997,12394,POST,POSTAGE,9,2011-10-07 08:08:00 UTC,18,Denmark
569998,12540,POST,POSTAGE,2,2011-10-07 08:12:00 UTC,28,Spain
570007,12519,POST,POSTAGE,3,2011-10-07 09:26:00 UTC,18,Germany
570008,13359,C2,CARRIAGE,1,2011-10-07 09:30:00 UTC,50,United Kingdom
570020,12684,POST,POSTAGE,1,2011-10-07 10:18:00 UTC,18,France
570026,12781,POST,POSTAGE,1,2011-10-07 10:37:00 UTC,40,Czech Republic
570082,12524,POST,POSTAGE,7,2011-10-07 11:19:00 UTC,18,Germany
570095,12528,POST,POSTAGE,2,2011-10-07 11:57:00 UTC,18,Germany
570189,12492,POST,POSTAGE,1,2011-10-07 15:15:00 UTC,18,Germany
570191,12778,POST,POSTAGE,1,2011-10-07 15:23:00 UTC,15,Netherlands
570267,12682,POST,POSTAGE,1,2011-10-10 10:13:00 UTC,18,France
570333,18126,M,Manual,6,2011-10-10 12:19:00 UTC,0.39,United Kingdom
570409,12682,POST,POSTAGE,2,2011-10-10 13:03:00 UTC,18,France
570426,13352,C2,CARRIAGE,1,2011-10-10 13:55:00 UTC,50,United Kingdom
570446,12431,POST,POSTAGE,2,2011-10-10 14:49:00 UTC,15,Belgium
570448,13224,M,Manual,3,2011-10-10 14:55:00 UTC,1,United Kingdom
570452,12427,POST,POSTAGE,2,2011-10-10 15:15:00 UTC,18,Germany
570479,17589,M,Manual,1,2011-10-10 16:58:00 UTC,1.25,United Kingdom
570488,14096,DOT,DOTCOM POSTAGE,1,2011-10-10 17:12:00 UTC,635.01,United Kingdom
570499,12772,POST,POSTAGE,5,2011-10-11 09:19:00 UTC,28,Portugal
570637,12530,POST,POSTAGE,2,2011-10-11 12:34:00 UTC,18,Germany
570640,12474,POST,POSTAGE,2,2011-10-11 12:38:00 UTC,18,Germany
570651,14911,C2,CARRIAGE,1,2011-10-11 13:34:00 UTC,50,EIRE
570666,13919,POST,POSTAGE,1,2011-10-11 14:24:00 UTC,18,Denmark
570667,12362,POST,POSTAGE,2,2011-10-11 14:33:00 UTC,15,Belgium
570681,12381,POST,POSTAGE,1,2011-10-11 15:45:00 UTC,6,Norway
570685,13208,M,Manual,18,2011-10-11 16:25:00 UTC,1,United Kingdom
570694,14911,C2,CARRIAGE,1,2011-10-12 08:10:00 UTC,50,EIRE
570700,14156,C2,CARRIAGE,1,2011-10-12 09:29:00 UTC,50,EIRE
570705,13208,M,Manual,18,2011-10-12 09:54:00 UTC,0.36,United Kingdom
570714,13520,POST,POSTAGE,2,2011-10-12 10:20:00 UTC,40,Switzerland
570718,12518,POST,POSTAGE,2,2011-10-12 10:36:00 UTC,18,Germany
570725,12381,POST,POSTAGE,1,2011-10-12 11:30:00 UTC,4.5,Norway
570754,12633,POST,POSTAGE,1,2011-10-12 11:40:00 UTC,18,Germany
570769,12664,POST,POSTAGE,2,2011-10-12 11:43:00 UTC,18,Finland
570784,12569,POST,POSTAGE,1,2011-10-12 11:49:00 UTC,18,Germany
570793,12444,POST,POSTAGE,8,2011-10-12 12:08:00 UTC,40,Norway
570798,12679,POST,POSTAGE,2,2011-10-12 12:30:00 UTC,18,France
570823,12691,POST,POSTAGE,1,2011-10-12 12:54:00 UTC,18,France
570841,12553,POST,POSTAGE,2,2011-10-12 14:18:00 UTC,18,France
570851,12583,POST,POSTAGE,1,2011-10-12 14:46:00 UTC,18,France
570875,12667,POST,POSTAGE,4,2011-10-12 17:00:00 UTC,40,Finland
570879,12685,POST,POSTAGE,2,2011-10-13 08:42:00 UTC,18,France
570881,12498,POST,POSTAGE,2,2011-10-13 09:30:00 UTC,18,Germany
571030,12876,POST,POSTAGE,7,2011-10-13 12:26:00 UTC,15,Belgium
571035,12446,M,Manual,1,2011-10-13 12:50:00 UTC,0,RSA
571053,12631,POST,POSTAGE,4,2011-10-13 13:53:00 UTC,40,Finland
571065,12613,POST,POSTAGE,7,2011-10-13 14:59:00 UTC,18,Germany
571106,14976,M,Manual,1,2011-10-13 16:14:00 UTC,1,United Kingdom
571111,14976,POST,POSTAGE,1,2011-10-13 16:37:00 UTC,15,United Kingdom
571129,14156,C2,CARRIAGE,1,2011-10-14 10:03:00 UTC,50,EIRE
571179,15482,M,Manual,1,2011-10-14 10:42:00 UTC,40,United Kingdom
571187,12380,POST,POSTAGE,3,2011-10-14 11:39:00 UTC,18,Belgium
571188,12783,POST,POSTAGE,4,2011-10-14 11:42:00 UTC,28,Portugal
571190,17771,M,Manual,4,2011-10-14 11:43:00 UTC,0.12,United Kingdom
571191,17404,POST,POSTAGE,1,2011-10-14 11:44:00 UTC,15,Sweden
571215,13810,POST,POSTAGE,3,2011-10-14 12:57:00 UTC,18,Germany
571223,13810,M,Manual,1,2011-10-14 13:36:00 UTC,599.5,Germany
571240,12562,POST,POSTAGE,2,2011-10-14 14:55:00 UTC,18,France
571289,15113,M,Manual,1,2011-10-16 15:27:00 UTC,0.39,United Kingdom
571304,12526,POST,POSTAGE,4,2011-10-17 09:37:00 UTC,18,Germany
571308,12475,POST,POSTAGE,3,2011-10-17 10:10:00 UTC,18,Germany
571312,12474,POST,POSTAGE,4,2011-10-17 10:42:00 UTC,18,Germany
571324,12783,M,Manual,1,2011-10-17 11:08:00 UTC,283.02,Portugal
571326,12783,M,Manual,1,2011-10-17 11:11:00 UTC,339.02,Portugal
571328,12473,POST,POSTAGE,7,2011-10-17 11:27:00 UTC,18,Germany
571425,14911,C2,CARRIAGE,1,2011-10-17 12:41:00 UTC,50,EIRE
571441,14096,DOT,DOTCOM POSTAGE,1,2011-10-17 13:31:00 UTC,743.62,United Kingdom
571445,12463,POST,POSTAGE,2,2011-10-17 13:44:00 UTC,18,Belgium
571465,14830,M,Manual,1,2011-10-17 14:29:00 UTC,0.85,United Kingdom
571556,12662,POST,POSTAGE,2,2011-10-18 09:24:00 UTC,18,Germany
571658,12621,POST,POSTAGE,3,2011-10-18 12:48:00 UTC,18,Germany
571665,12540,POST,POSTAGE,3,2011-10-18 12:59:00 UTC,28,Spain
571697,12759,POST,POSTAGE,3,2011-10-18 14:49:00 UTC,15,Netherlands
571705,12360,POST,POSTAGE,3,2011-10-18 15:22:00 UTC,40,Austria
571724,12572,POST,POSTAGE,3,2011-10-19 08:20:00 UTC,18,Germany
571729,12500,POST,POSTAGE,1,2011-10-19 09:43:00 UTC,18,Germany
571751,12744,M,Manual,1,2011-10-19 11:18:00 UTC,3949.32,Singapore
571751,12744,M,Manual,1,2011-10-19 11:18:00 UTC,2118.74,Singapore
571824,12472,POST,POSTAGE,6,2011-10-19 11:49:00 UTC,18,Germany
571851,12596,POST,POSTAGE,4,2011-10-19 13:02:00 UTC,28,Spain
571883,14704,M,Manual,6,2011-10-19 13:58:00 UTC,0.39,United Kingdom
571900,13263,BANK CHARGES,Bank Charges,1,2011-10-19 14:26:00 UTC,15,United Kingdom
571904,12522,POST,POSTAGE,1,2011-10-19 14:41:00 UTC,18,Germany
571909,15006,M,Manual,1,2011-10-19 15:08:00 UTC,4.95,United Kingdom
571923,12685,POST,POSTAGE,2,2011-10-19 16:24:00 UTC,18,France
572054,12642,POST,POSTAGE,2,2011-10-20 12:31:00 UTC,18,Germany
572056,17402,POST,POSTAGE,1,2011-10-20 12:40:00 UTC,35,United Kingdom
572060,12569,POST,POSTAGE,1,2011-10-20 12:52:00 UTC,18,Germany
572061,12474,POST,POSTAGE,2,2011-10-20 12:53:00 UTC,18,Germany
572069,14911,C2,CARRIAGE,1,2011-10-20 13:24:00 UTC,50,EIRE
572087,12683,POST,POSTAGE,6,2011-10-20 14:30:00 UTC,18,France
572103,17571,M,Manual,1,2011-10-20 15:57:00 UTC,1.25,United Kingdom
572133,12407,POST,POSTAGE,2,2011-10-21 10:11:00 UTC,18,Belgium
572184,12403,POST,POSTAGE,2,2011-10-21 10:51:00 UTC,18,Denmark
572233,14646,POST,POSTAGE,7,2011-10-21 14:41:00 UTC,15,Netherlands
572241,12712,POST,POSTAGE,1,2011-10-21 15:20:00 UTC,18,Germany
572293,12748,M,Manual,1,2011-10-23 13:02:00 UTC,50,United Kingdom
572316,17836,M,Manual,1,2011-10-23 16:13:00 UTC,0.38,United Kingdom
572344,14607,M,Manual,456,2011-10-24 10:43:00 UTC,1.5,United Kingdom
572344,14607,M,Manual,48,2011-10-24 10:43:00 UTC,1.5,United Kingdom
572344,14607,M,Manual,48,2011-10-24 10:43:00 UTC,1.5,United Kingdom
572344,14607,M,Manual,48,2011-10-24 10:43:00 UTC,1.5,United Kingdom
572344,14607,M,Manual,48,2011-10-24 10:43:00 UTC,1.5,United Kingdom
572344,14607,M,Manual,48,2011-10-24 10:43:00 UTC,1.5,United Kingdom
572344,14607,M,Manual,48,2011-10-24 10:43:00 UTC,1.5,United Kingdom
572423,16742,M,Manual,1,2011-10-24 12:02:00 UTC,464.9,United Kingdom
572442,12546,POST,POSTAGE,2,2011-10-24 12:09:00 UTC,28,Spain
572459,14911,C2,CARRIAGE,1,2011-10-24 12:53:00 UTC,50,EIRE
572552,14096,DOT,DOTCOM POSTAGE,1,2011-10-24 17:07:00 UTC,638.3,United Kingdom
572560,12476,POST,POSTAGE,8,2011-10-25 08:45:00 UTC,18,Germany
572567,12398,POST,POSTAGE,5,2011-10-25 10:27:00 UTC,40,Switzerland
572656,14607,M,Manual,288,2011-10-25 12:22:00 UTC,1.5,United Kingdom
572682,17928,M,Manual,72,2011-10-25 13:52:00 UTC,0.39,United Kingdom
572696,17857,M,Manual,1,2011-10-25 14:23:00 UTC,250,United Kingdom
572770,12371,POST,POSTAGE,9,2011-10-26 10:16:00 UTC,40,Switzerland
572832,16454,M,Manual,1,2011-10-26 11:40:00 UTC,1,United Kingdom
572886,12448,POST,POSTAGE,3,2011-10-26 13:46:00 UTC,28,Spain
572887,12362,POST,POSTAGE,4,2011-10-26 13:47:00 UTC,15,Belgium
572894,12569,POST,POSTAGE,1,2011-10-26 14:39:00 UTC,18,Germany
572895,12569,POST,POSTAGE,1,2011-10-26 14:39:00 UTC,18,Germany
572896,12456,POST,POSTAGE,4,2011-10-26 14:41:00 UTC,40,Switzerland
572934,12610,POST,POSTAGE,4,2011-10-27 10:18:00 UTC,40,Italy
572964,12630,POST,POSTAGE,3,2011-10-27 10:41:00 UTC,40,Finland
572969,13363,C2,CARRIAGE,1,2011-10-27 10:46:00 UTC,50,United Kingdom
572986,12681,POST,POSTAGE,3,2011-10-27 10:51:00 UTC,18,France
572992,12681,POST,POSTAGE,2,2011-10-27 10:57:00 UTC,18,France
573036,12437,POST,POSTAGE,2,2011-10-27 13:44:00 UTC,18,France
573077,12536,M,Manual,1,2011-10-27 14:13:00 UTC,4161.06,France
573080,12536,M,Manual,1,2011-10-27 14:20:00 UTC,4161.06,France
573106,12626,POST,POSTAGE,1,2011-10-27 15:05:00 UTC,18,Germany
573108,12430,POST,POSTAGE,1,2011-10-27 15:09:00 UTC,40,Norway
573136,12709,POST,POSTAGE,2,2011-10-27 17:00:00 UTC,18,Germany
573153,12678,POST,POSTAGE,3,2011-10-28 07:39:00 UTC,145,France
573173,12362,POST,POSTAGE,4,2011-10-28 10:10:00 UTC,15,Belgium
573284,13812,POST,POSTAGE,1,2011-10-28 14:27:00 UTC,18,Germany
573289,12705,POST,POSTAGE,4,2011-10-28 14:44:00 UTC,18,Germany
573311,14071,M,Manual,8,2011-10-28 16:45:00 UTC,0.39,United Kingdom
573328,16601,M,Manual,3,2011-10-30 11:09:00 UTC,0.39,United Kingdom
573333,12483,POST,POSTAGE,2,2011-10-30 11:34:00 UTC,40,Sweden
573340,14159,M,Manual,3,2011-10-30 11:55:00 UTC,0.79,United Kingdom
573345,17609,M,Manual,25,2011-10-30 12:14:00 UTC,0.2,United Kingdom
573362,12597,POST,POSTAGE,10,2011-10-30 13:06:00 UTC,28,Spain
573391,14911,C2,CARRIAGE,1,2011-10-30 14:57:00 UTC,50,EIRE
573401,12364,POST,POSTAGE,2,2011-10-30 15:43:00 UTC,15,Belgium
573402,12494,POST,POSTAGE,1,2011-10-30 15:44:00 UTC,18,France
573417,12581,POST,POSTAGE,1,2011-10-31 08:56:00 UTC,18,Germany
573430,13813,POST,POSTAGE,3,2011-10-31 10:38:00 UTC,18,Germany
573576,14096,DOT,DOTCOM POSTAGE,1,2011-10-31 14:09:00 UTC,901.58,United Kingdom
573581,14911,C2,CARRIAGE,1,2011-10-31 14:22:00 UTC,50,EIRE
573586,14704,BANK CHARGES,Bank Charges,1,2011-10-31 14:48:00 UTC,15,United Kingdom
573588,12588,POST,POSTAGE,1,2011-10-31 15:01:00 UTC,40,Finland
573629,12522,POST,POSTAGE,1,2011-10-31 15:30:00 UTC,18,Germany
573656,12417,POST,POSTAGE,3,2011-10-31 16:02:00 UTC,15,Belgium
573768,12552,POST,POSTAGE,3,2011-11-01 10:02:00 UTC,40,Italy
573867,12674,POST,POSTAGE,2,2011-11-01 12:12:00 UTC,18,France
573868,12491,POST,POSTAGE,2,2011-11-01 12:18:00 UTC,18,France
573891,12682,POST,POSTAGE,5,2011-11-01 13:56:00 UTC,18,France
574068,12490,POST,POSTAGE,3,2011-11-02 14:51:00 UTC,18,France
574071,12654,POST,POSTAGE,1,2011-11-02 14:57:00 UTC,18,Germany
574097,12471,POST,POSTAGE,5,2011-11-03 09:56:00 UTC,18,Germany
574104,12615,POST,POSTAGE,3,2011-11-03 10:45:00 UTC,18,France
574252,12437,M,Manual,1,2011-11-03 13:24:00 UTC,0,France
574252,12437,POST,POSTAGE,2,2011-11-03 13:24:00 UTC,18,France
574255,12569,POST,POSTAGE,1,2011-11-03 13:44:00 UTC,18,Germany
574275,12352,POST,POSTAGE,2,2011-11-03 14:37:00 UTC,40,Norway
574277,17857,M,Manual,832,2011-11-03 14:42:00 UTC,0.25,United Kingdom
574301,12544,POST,POSTAGE,2,2011-11-03 16:15:00 UTC,28,Spain
574317,17078,M,Manual,6,2011-11-03 18:49:00 UTC,0.39,United Kingdom
574329,12362,POST,POSTAGE,4,2011-11-04 09:07:00 UTC,15,Belgium
574332,12664,POST,POSTAGE,3,2011-11-04 09:24:00 UTC,18,Finland
574336,12397,POST,POSTAGE,6,2011-11-04 09:52:00 UTC,15,Belgium
574442,12704,POST,POSTAGE,5,2011-11-04 11:40:00 UTC,40,Finland
574474,17979,M,Manual,4,2011-11-04 12:05:00 UTC,0.85,United Kingdom
574506,12577,M,Manual,1,2011-11-04 13:24:00 UTC,3.95,France
574546,13651,BANK CHARGES,Bank Charges,1,2011-11-04 14:59:00 UTC,15,United Kingdom
574653,12619,POST,POSTAGE,2,2011-11-06 11:30:00 UTC,18,Germany
574679,12645,POST,POSTAGE,3,2011-11-06 12:38:00 UTC,18,Germany
574690,12638,POST,POSTAGE,4,2011-11-06 13:11:00 UTC,40,Sweden
574694,12381,POST,POSTAGE,2,2011-11-06 13:36:00 UTC,40,Norway
574713,12628,POST,POSTAGE,1,2011-11-06 14:26:00 UTC,18,Germany
574722,14502,M,Manual,16,2011-11-06 14:45:00 UTC,0.19,United Kingdom
574741,15993,M,Manual,6,2011-11-06 16:13:00 UTC,1.45,United Kingdom
574745,14911,C2,CARRIAGE,1,2011-11-07 08:26:00 UTC,50,EIRE
574838,12484,POST,POSTAGE,5,2011-11-07 11:37:00 UTC,28,Spain
574841,14156,C2,CARRIAGE,1,2011-11-07 11:42:00 UTC,50,EIRE
574844,12783,POST,POSTAGE,1,2011-11-07 11:57:00 UTC,28,Portugal
574862,12408,POST,POSTAGE,5,2011-11-07 12:27:00 UTC,15,Belgium
574869,12708,POST,POSTAGE,1,2011-11-07 12:44:00 UTC,18,Germany
574874,14911,C2,CARRIAGE,1,2011-11-07 13:06:00 UTC,50,EIRE
574885,12472,POST,POSTAGE,1,2011-11-07 14:01:00 UTC,18,Germany
575034,15573,M,Manual,1,2011-11-08 11:38:00 UTC,7.95,United Kingdom
575043,13047,M,Manual,1,2011-11-08 12:06:00 UTC,4.95,United Kingdom
575049,12721,POST,POSTAGE,3,2011-11-08 12:13:00 UTC,18,France
575059,14071,M,Manual,30,2011-11-08 12:25:00 UTC,0.39,United Kingdom
575067,12583,POST,POSTAGE,2,2011-11-08 12:45:00 UTC,18,France
575144,12540,POST,POSTAGE,3,2011-11-08 15:38:00 UTC,28,Spain
575151,12395,POST,POSTAGE,1,2011-11-08 16:12:00 UTC,15,Belgium
575154,12395,POST,POSTAGE,2,2011-11-08 16:15:00 UTC,18,Belgium
575193,12681,POST,POSTAGE,5,2011-11-09 09:34:00 UTC,18,France
575304,17841,M,Manual,1,2011-11-09 12:38:00 UTC,1.25,United Kingdom
575326,12532,POST,POSTAGE,2,2011-11-09 13:47:00 UTC,18,France
575328,17857,M,Manual,1200,2011-11-09 13:48:00 UTC,0.25,United Kingdom
575352,12504,POST,POSTAGE,3,2011-11-09 14:56:00 UTC,18,Germany
575498,12708,POST,POSTAGE,1,2011-11-10 09:52:00 UTC,18,Germany
575514,12541,POST,POSTAGE,3,2011-11-10 10:40:00 UTC,28,Spain
575519,12682,POST,POSTAGE,2,2011-11-10 10:53:00 UTC,18,France
575581,12659,POST,POSTAGE,1,2011-11-10 11:53:00 UTC,18,France
575584,12682,POST,POSTAGE,1,2011-11-10 11:55:00 UTC,18,France
575607,14096,DOT,DOTCOM POSTAGE,1,2011-11-10 12:37:00 UTC,908.16,United Kingdom
575629,12599,POST,POSTAGE,1,2011-11-10 13:34:00 UTC,18,France
575632,12473,M,Manual,1,2011-11-10 13:44:00 UTC,40.46,Germany
575632,12473,M,Manual,1,2011-11-10 13:44:00 UTC,424.06,Germany
575632,12473,M,Manual,1,2011-11-10 13:44:00 UTC,549.34,Germany
575636,12473,M,Manual,1,2011-11-10 13:46:00 UTC,40.46,Germany
575671,12670,POST,POSTAGE,3,2011-11-10 15:03:00 UTC,18,France
575709,14646,POST,POSTAGE,2,2011-11-10 17:27:00 UTC,15,Netherlands
575713,13817,POST,POSTAGE,2,2011-11-10 17:49:00 UTC,18,Germany
575732,12712,POST,POSTAGE,2,2011-11-11 08:19:00 UTC,18,Germany
575733,13810,POST,POSTAGE,1,2011-11-11 08:33:00 UTC,18,Germany
575734,12384,POST,POSTAGE,2,2011-11-11 08:39:00 UTC,40,Switzerland
575735,14156,C2,CARRIAGE,1,2011-11-11 08:46:00 UTC,50,EIRE
575736,12697,POST,POSTAGE,1,2011-11-11 08:47:00 UTC,40,Sweden
575747,12589,POST,POSTAGE,3,2011-11-11 10:19:00 UTC,18,France
575750,12600,POST,POSTAGE,3,2011-11-11 10:29:00 UTC,18,Germany
575787,12518,POST,POSTAGE,3,2011-11-11 11:18:00 UTC,18,Germany
575845,12598,POST,POSTAGE,1,2011-11-11 12:07:00 UTC,18,France
575848,14178,M,Manual,1,2011-11-11 12:10:00 UTC,10,United Kingdom
575871,14911,C2,CARRIAGE,1,2011-11-11 12:52:00 UTC,50,EIRE
575880,12726,POST,POSTAGE,3,2011-11-11 13:35:00 UTC,18,France
575884,12685,POST,POSTAGE,3,2011-11-11 13:46:00 UTC,18,France
575888,12517,POST,POSTAGE,3,2011-11-11 14:04:00 UTC,18,Germany
575896,12480,POST,POSTAGE,8,2011-11-11 14:52:00 UTC,18,Germany
575904,18014,M,Manual,1,2011-11-11 15:28:00 UTC,7.95,United Kingdom
575916,12691,POST,POSTAGE,1,2011-11-11 16:49:00 UTC,18,France
575952,16015,M,Manual,1,2011-11-13 11:55:00 UTC,0.29,United Kingdom
576082,12428,POST,POSTAGE,2,2011-11-14 08:22:00 UTC,40,Finland
576087,12689,POST,POSTAGE,4,2011-11-14 08:31:00 UTC,18,France
576141,14911,C2,CARRIAGE,1,2011-11-14 10:47:00 UTC,50,EIRE
576213,18117,M,Manual,1,2011-11-14 12:47:00 UTC,1.25,United Kingdom
576222,12490,POST,POSTAGE,2,2011-11-14 13:02:00 UTC,18,France
576245,12553,POST,POSTAGE,3,2011-11-14 13:40:00 UTC,18,France
576269,12762,POST,POSTAGE,2,2011-11-14 14:23:00 UTC,28,Portugal
576322,12642,POST,POSTAGE,2,2011-11-14 15:03:00 UTC,18,Germany
576327,12476,POST,POSTAGE,2,2011-11-14 15:19:00 UTC,18,Germany
576339,14096,DOT,DOTCOM POSTAGE,1,2011-11-14 15:27:00 UTC,1500.36,United Kingdom
576345,12374,POST,POSTAGE,3,2011-11-14 15:37:00 UTC,40,Austria
576349,16519,M,Manual,1,2011-11-14 15:41:00 UTC,2.1,United Kingdom
576371,14911,C2,CARRIAGE,1,2011-11-15 08:07:00 UTC,50,EIRE
576373,12640,POST,POSTAGE,4,2011-11-15 08:43:00 UTC,18,France
576389,12748,M,Manual,1,2011-11-15 10:05:00 UTC,850.5,United Kingdom
576390,12569,POST,POSTAGE,1,2011-11-15 10:13:00 UTC,18,Germany
576399,12684,POST,POSTAGE,2,2011-11-15 10:50:00 UTC,18,France
576519,12676,POST,POSTAGE,1,2011-11-15 12:25:00 UTC,40,Sweden
576553,14666,M,Manual,6,2011-11-15 12:57:00 UTC,2.55,United Kingdom
576595,14911,C2,CARRIAGE,1,2011-11-15 14:56:00 UTC,50,EIRE
576603,14911,C2,CARRIAGE,1,2011-11-15 15:22:00 UTC,50,EIRE
576607,12474,POST,POSTAGE,4,2011-11-15 15:42:00 UTC,18,Germany
576629,12621,POST,POSTAGE,3,2011-11-16 08:37:00 UTC,18,Germany
576630,13816,POST,POSTAGE,1,2011-11-16 08:38:00 UTC,18,Germany
576657,12720,POST,POSTAGE,3,2011-11-16 11:03:00 UTC,18,Germany
576664,14646,POST,POSTAGE,1,2011-11-16 11:41:00 UTC,15,Netherlands
576669,12640,POST,POSTAGE,1,2011-11-16 11:52:00 UTC,18,France
576787,13815,POST,POSTAGE,4,2011-11-16 13:54:00 UTC,18,Germany
576789,12569,POST,POSTAGE,1,2011-11-16 13:56:00 UTC,18,Germany
576790,12569,POST,POSTAGE,1,2011-11-16 13:59:00 UTC,18,Germany
576863,12626,POST,POSTAGE,2,2011-11-16 16:06:00 UTC,18,Germany
576869,12500,POST,POSTAGE,1,2011-11-16 16:20:00 UTC,18,Germany
576880,14911,C2,CARRIAGE,1,2011-11-16 17:03:00 UTC,50,EIRE
576890,12662,POST,POSTAGE,2,2011-11-16 17:25:00 UTC,18,Germany
576893,12481,POST,POSTAGE,1,2011-11-17 08:29:00 UTC,18,Germany
576894,12681,POST,POSTAGE,2,2011-11-17 08:35:00 UTC,18,France
576897,17828,POST,POSTAGE,7,2011-11-17 08:41:00 UTC,65,Malta
576904,14931,C2,CARRIAGE,1,2011-11-17 09:25:00 UTC,50,Channel Islands
576907,12610,POST,POSTAGE,1,2011-11-17 09:34:00 UTC,40,Italy
576909,12471,POST,POSTAGE,8,2011-11-17 09:49:00 UTC,18,Germany
576927,12567,POST,POSTAGE,6,2011-11-17 11:02:00 UTC,18,France
576941,12562,POST,POSTAGE,5,2011-11-17 11:34:00 UTC,18,France
577009,12749,C2,CARRIAGE,1,2011-11-17 12:05:00 UTC,50,United Kingdom
577027,12647,POST,POSTAGE,5,2011-11-17 12:56:00 UTC,18,Germany
577029,15563,M,Manual,30,2011-11-17 12:59:00 UTC,1,United Kingdom
577046,12449,POST,POSTAGE,7,2011-11-17 13:46:00 UTC,18,Belgium
577058,18122,M,Manual,2,2011-11-17 14:29:00 UTC,0.29,United Kingdom
577067,12704,POST,POSTAGE,2,2011-11-17 14:49:00 UTC,40,Finland
577068,15563,M,Manual,30,2011-11-17 14:50:00 UTC,0.3,United Kingdom
577087,12464,POST,POSTAGE,2,2011-11-17 15:55:00 UTC,15,Belgium
577121,12681,POST,POSTAGE,4,2011-11-17 18:29:00 UTC,18,France
577125,12445,POST,POSTAGE,2,2011-11-17 18:43:00 UTC,28,Spain
577135,12427,POST,POSTAGE,2,2011-11-18 08:56:00 UTC,18,Germany
577152,14277,POST,POSTAGE,2,2011-11-18 09:53:00 UTC,18,France
577168,12603,M,Manual,1,2011-11-18 10:42:00 UTC,0,Germany
577168,12603,POST,POSTAGE,7,2011-11-18 10:42:00 UTC,18,Germany
577178,12618,POST,POSTAGE,1,2011-11-18 11:10:00 UTC,40,Italy
577180,12380,POST,POSTAGE,8,2011-11-18 11:27:00 UTC,18,Belgium
577295,12682,POST,POSTAGE,3,2011-11-18 12:46:00 UTC,18,France
577299,12498,POST,POSTAGE,1,2011-11-18 12:52:00 UTC,18,Germany
577314,12444,POST,POSTAGE,6,2011-11-18 13:23:00 UTC,40,Norway
577316,12578,POST,POSTAGE,7,2011-11-18 13:30:00 UTC,28,Italy
577326,14646,POST,POSTAGE,2,2011-11-18 14:08:00 UTC,15,Netherlands
577344,12437,POST,POSTAGE,1,2011-11-18 15:14:00 UTC,18,France
577406,12702,POST,POSTAGE,1,2011-11-20 10:36:00 UTC,18,Germany
577474,12778,POST,POSTAGE,3,2011-11-20 11:30:00 UTC,18,Netherlands
577476,12540,POST,POSTAGE,3,2011-11-20 11:31:00 UTC,28,Spain
577523,12597,POST,POSTAGE,1,2011-11-20 13:33:00 UTC,28,Spain
577551,12395,POST,POSTAGE,2,2011-11-20 15:21:00 UTC,15,Belgium
577606,12462,POST,POSTAGE,3,2011-11-21 09:11:00 UTC,28,Spain
577609,12349,POST,POSTAGE,1,2011-11-21 09:51:00 UTC,300,Italy
577615,12658,POST,POSTAGE,3,2011-11-21 10:22:00 UTC,18,Germany
577618,12795,POST,POSTAGE,4,2011-11-21 10:27:00 UTC,28,Portugal
577687,12583,POST,POSTAGE,3,2011-11-21 11:16:00 UTC,18,France
577695,15645,M,Manual,1,2011-11-21 11:55:00 UTC,0.42,United Kingdom
577696,16406,M,Manual,1,2011-11-21 11:57:00 UTC,0,United Kingdom
577773,16712,M,Manual,3,2011-11-21 15:57:00 UTC,2.55,United Kingdom
577856,12490,POST,POSTAGE,4,2011-11-22 11:19:00 UTC,18,France
577893,17073,M,Manual,1,2011-11-22 11:47:00 UTC,1.25,United Kingdom
577906,13268,M,Manual,76,2011-11-22 11:51:00 UTC,0.29,United Kingdom
577938,15525,M,Manual,2,2011-11-22 12:07:00 UTC,1.25,United Kingdom
578006,13363,C2,CARRIAGE,1,2011-11-22 12:40:00 UTC,50,United Kingdom
578017,13569,M,Manual,1,2011-11-22 13:07:00 UTC,1.5,United Kingdom
578033,12656,POST,POSTAGE,4,2011-11-22 13:42:00 UTC,18,France
578034,14646,POST,POSTAGE,5,2011-11-22 13:47:00 UTC,15,Netherlands
578036,16474,M,Manual,2,2011-11-22 14:04:00 UTC,0.08,United Kingdom
578041,17338,M,Manual,3,2011-11-22 14:23:00 UTC,1.25,United Kingdom
578043,12474,POST,POSTAGE,2,2011-11-22 14:39:00 UTC,18,Germany
578054,14911,C2,CARRIAGE,1,2011-11-22 14:59:00 UTC,50,EIRE
578060,17857,M,Manual,1600,2011-11-22 15:22:00 UTC,0.25,United Kingdom
578074,17590,M,Manual,1,2011-11-22 16:06:00 UTC,1.25,United Kingdom
578082,12775,POST,POSTAGE,1,2011-11-22 16:33:00 UTC,15,Netherlands
578084,12465,POST,POSTAGE,2,2011-11-22 16:34:00 UTC,15,Belgium
578089,12483,POST,POSTAGE,4,2011-11-22 17:02:00 UTC,40,Sweden
578093,14911,C2,CARRIAGE,1,2011-11-22 17:21:00 UTC,50,EIRE
578099,12452,POST,POSTAGE,2,2011-11-23 08:05:00 UTC,1,Switzerland
578105,14911,C2,CARRIAGE,1,2011-11-23 08:47:00 UTC,50,EIRE
578123,12452,POST,POSTAGE,2,2011-11-23 10:28:00 UTC,40,Switzerland
578126,16900,POST,POSTAGE,1,2011-11-23 10:32:00 UTC,4.95,United Kingdom
578270,14096,DOT,DOTCOM POSTAGE,1,2011-11-23 13:39:00 UTC,1270.06,United Kingdom
578295,12569,POST,POSTAGE,2,2011-11-23 14:39:00 UTC,18,Germany
578298,12619,POST,POSTAGE,3,2011-11-23 14:52:00 UTC,18,Germany
578300,12664,POST,POSTAGE,1,2011-11-23 15:02:00 UTC,40,Finland
578314,13350,C2,CARRIAGE,1,2011-11-23 16:33:00 UTC,50,United Kingdom
578331,14911,C2,CARRIAGE,1,2011-11-24 08:44:00 UTC,50,EIRE
578333,12471,POST,POSTAGE,2,2011-11-24 08:50:00 UTC,18,Germany
578339,12421,POST,POSTAGE,1,2011-11-24 09:07:00 UTC,28,Spain
578348,12494,POST,POSTAGE,2,2011-11-24 09:34:00 UTC,18,France
578425,12705,POST,POSTAGE,4,2011-11-24 12:01:00 UTC,18,Germany
578463,12757,POST,POSTAGE,2,2011-11-24 12:30:00 UTC,28,Portugal
578469,12471,POST,POSTAGE,4,2011-11-24 12:36:00 UTC,18,Germany
578472,12476,POST,POSTAGE,9,2011-11-24 12:40:00 UTC,18,Germany
578509,12705,POST,POSTAGE,1,2011-11-24 13:17:00 UTC,18,Germany
578547,12720,POST,POSTAGE,3,2011-11-24 15:02:00 UTC,18,Germany
578698,12620,POST,POSTAGE,2,2011-11-25 10:20:00 UTC,18,France
578736,12681,POST,POSTAGE,8,2011-11-25 11:33:00 UTC,18,France
578757,12748,M,Manual,2,2011-11-25 11:41:00 UTC,0.85,United Kingdom
578792,14911,C2,CARRIAGE,1,2011-11-25 12:20:00 UTC,50,EIRE
578811,12438,POST,POSTAGE,8,2011-11-25 13:28:00 UTC,40,Norway
578835,12682,POST,POSTAGE,1,2011-11-25 15:44:00 UTC,18,France
578941,16024,M,Manual,6,2011-11-27 13:26:00 UTC,0.39,United Kingdom
578941,16024,M,Manual,14,2011-11-27 13:26:00 UTC,0.21,United Kingdom
578996,13991,M,Manual,1,2011-11-27 16:02:00 UTC,1,United Kingdom
579094,12668,POST,POSTAGE,8,2011-11-28 10:56:00 UTC,18,Germany
579137,14704,BANK CHARGES,Bank Charges,1,2011-11-28 12:51:00 UTC,15,United Kingdom
579152,12479,POST,POSTAGE,3,2011-11-28 13:26:00 UTC,18,Germany
579153,12660,POST,POSTAGE,1,2011-11-28 13:26:00 UTC,18,France
579190,12657,POST,POSTAGE,4,2011-11-28 15:35:00 UTC,18,France
579193,12657,POST,POSTAGE,4,2011-11-28 15:47:00 UTC,18,France
579196,14096,DOT,DOTCOM POSTAGE,1,2011-11-28 15:54:00 UTC,1526.76,United Kingdom
579256,13349,C2,CARRIAGE,1,2011-11-29 08:07:00 UTC,50,United Kingdom
579259,12451,POST,POSTAGE,1,2011-11-29 08:40:00 UTC,40,Switzerland
579276,12654,POST,POSTAGE,1,2011-11-29 10:10:00 UTC,18,Germany
579281,12375,POST,POSTAGE,1,2011-11-29 10:36:00 UTC,40,Finland
579345,12727,POST,POSTAGE,4,2011-11-29 11:46:00 UTC,18,France
579393,12627,POST,POSTAGE,3,2011-11-29 12:07:00 UTC,18,Germany
579416,12471,POST,POSTAGE,5,2011-11-29 13:00:00 UTC,18,Germany
579441,12464,POST,POSTAGE,4,2011-11-29 13:33:00 UTC,15,Belgium
579492,12670,POST,POSTAGE,3,2011-11-29 15:23:00 UTC,18,France
579528,12787,POST,POSTAGE,1,2011-11-30 08:44:00 UTC,15,Netherlands
579529,12488,POST,POSTAGE,3,2011-11-30 08:50:00 UTC,18,France
579539,14911,C2,CARRIAGE,1,2011-11-30 10:06:00 UTC,50,EIRE
579550,12630,POST,POSTAGE,3,2011-11-30 10:48:00 UTC,40,Finland
579708,12682,POST,POSTAGE,4,2011-11-30 14:16:00 UTC,18,France
579711,15060,M,Manual,1,2011-11-30 14:17:00 UTC,1.25,United Kingdom
579747,12528,POST,POSTAGE,3,2011-11-30 14:40:00 UTC,18,Germany
579768,14911,C2,CARRIAGE,1,2011-11-30 15:08:00 UTC,50,EIRE
579786,12524,POST,POSTAGE,2,2011-11-30 15:31:00 UTC,18,Germany
579790,12784,POST,POSTAGE,2,2011-11-30 15:38:00 UTC,28,Portugal
579792,12714,POST,POSTAGE,5,2011-11-30 15:43:00 UTC,18,France
579870,12437,POST,POSTAGE,2,2011-11-30 16:47:00 UTC,18,France
579901,12569,POST,POSTAGE,3,2011-12-01 08:35:00 UTC,18,Germany
579910,14911,C2,CARRIAGE,1,2011-12-01 08:52:00 UTC,50,EIRE
579927,12572,POST,POSTAGE,3,2011-12-01 09:20:00 UTC,18,Germany
580027,14178,M,Manual,1,2011-12-01 12:01:00 UTC,10,United Kingdom
580054,18122,M,Manual,8,2011-12-01 13:08:00 UTC,0.08,United Kingdom
580120,12553,POST,POSTAGE,1,2011-12-01 16:38:00 UTC,18,France
580123,12664,POST,POSTAGE,2,2011-12-01 17:07:00 UTC,40,Finland
580126,12562,POST,POSTAGE,3,2011-12-01 17:20:00 UTC,18,France
580127,14911,C2,CARRIAGE,1,2011-12-01 17:51:00 UTC,50,EIRE
580144,12684,POST,POSTAGE,1,2011-12-02 09:53:00 UTC,18,France
580152,12364,POST,POSTAGE,1,2011-12-02 10:22:00 UTC,15,Belgium
580153,12762,POST,POSTAGE,5,2011-12-02 10:23:00 UTC,28,Portugal
580154,12569,POST,POSTAGE,1,2011-12-02 10:24:00 UTC,18,Germany
580160,12700,POST,POSTAGE,7,2011-12-02 10:47:00 UTC,18,France
580265,12587,POST,POSTAGE,1,2011-12-02 12:47:00 UTC,40,Finland
580281,12704,POST,POSTAGE,1,2011-12-02 13:15:00 UTC,40,Finland
580509,12719,POST,POSTAGE,2,2011-12-04 13:45:00 UTC,18,France
580511,12560,POST,POSTAGE,4,2011-12-04 13:54:00 UTC,18,Germany
580512,12673,POST,POSTAGE,2,2011-12-04 13:55:00 UTC,18,Germany
580531,12569,POST,POSTAGE,1,2011-12-04 15:47:00 UTC,18,Germany
580534,12724,POST,POSTAGE,1,2011-12-04 16:02:00 UTC,18,France
580536,12490,POST,POSTAGE,3,2011-12-04 16:07:00 UTC,18,France
580545,12782,POST,POSTAGE,1,2011-12-05 09:16:00 UTC,28,Portugal
580548,12569,POST,POSTAGE,1,2011-12-05 09:41:00 UTC,18,Germany
580555,14911,C2,CARRIAGE,1,2011-12-05 10:18:00 UTC,50,EIRE
580611,12748,M,Manual,1,2011-12-05 11:49:00 UTC,0.85,United Kingdom
580638,12381,POST,POSTAGE,1,2011-12-05 12:44:00 UTC,40,Norway
580645,17857,M,Manual,1,2011-12-05 13:11:00 UTC,219.5,United Kingdom
580646,17857,M,Manual,800,2011-12-05 13:13:00 UTC,0.25,United Kingdom
580648,12628,POST,POSTAGE,1,2011-12-05 13:15:00 UTC,18,Germany
580705,12683,POST,POSTAGE,5,2011-12-05 16:28:00 UTC,1,France
580706,12683,POST,POSTAGE,5,2011-12-05 16:31:00 UTC,17,France
580716,12367,POST,POSTAGE,1,2011-12-05 16:48:00 UTC,18,Denmark
580727,14096,DOT,DOTCOM POSTAGE,1,2011-12-05 17:17:00 UTC,1599.26,United Kingdom
580734,12766,POST,POSTAGE,4,2011-12-06 08:46:00 UTC,28,Portugal
580736,12716,POST,POSTAGE,2,2011-12-06 08:55:00 UTC,18,France
580752,12478,POST,POSTAGE,3,2011-12-06 09:56:00 UTC,45,Greece
580753,12682,POST,POSTAGE,3,2011-12-06 10:00:00 UTC,18,France
580756,12723,POST,POSTAGE,1,2011-12-06 10:19:00 UTC,18,France
580884,15907,M,Manual,1,2011-12-06 12:21:00 UTC,0.85,United Kingdom
580955,12442,POST,POSTAGE,1,2011-12-06 14:22:00 UTC,28,Spain
580956,17841,M,Manual,4,2011-12-06 14:23:00 UTC,1.25,United Kingdom
580965,12417,POST,POSTAGE,3,2011-12-06 14:52:00 UTC,15,Belgium
580979,12362,POST,POSTAGE,3,2011-12-06 15:40:00 UTC,18,Belgium
580986,12650,POST,POSTAGE,4,2011-12-06 16:34:00 UTC,18,France
581000,12720,POST,POSTAGE,5,2011-12-07 08:03:00 UTC,18,Germany
581001,12583,POST,POSTAGE,3,2011-12-07 08:07:00 UTC,18,France
581127,16271,BANK CHARGES,Bank Charges,1,2011-12-07 12:45:00 UTC,15,United Kingdom
581171,12615,POST,POSTAGE,2,2011-12-07 15:02:00 UTC,18,France
581179,12471,POST,POSTAGE,1,2011-12-07 15:43:00 UTC,240,Germany
581182,12783,POST,POSTAGE,4,2011-12-07 15:56:00 UTC,28,Portugal
581183,12569,POST,POSTAGE,4,2011-12-07 16:24:00 UTC,18,Germany
581184,12569,POST,POSTAGE,2,2011-12-07 16:24:00 UTC,18,Germany
581232,12358,POST,POSTAGE,4,2011-12-08 10:26:00 UTC,40,Austria
581266,12621,POST,POSTAGE,5,2011-12-08 11:25:00 UTC,18,Germany
581279,12437,POST,POSTAGE,3,2011-12-08 11:35:00 UTC,18,France
581405,13521,M,Manual,3,2011-12-08 13:50:00 UTC,0.42,United Kingdom
581493,12423,POST,POSTAGE,1,2011-12-09 10:10:00 UTC,15,Belgium
581494,12518,POST,POSTAGE,2,2011-12-09 10:13:00 UTC,18,Germany
581570,12662,POST,POSTAGE,1,2011-12-09 11:59:00 UTC,18,Germany
581574,12526,POST,POSTAGE,2,2011-12-09 12:09:00 UTC,18,Germany
581578,12713,POST,POSTAGE,3,2011-12-09 12:16:00 UTC,18,Germany
